,0
2015-04-04 23:00:00+00:00,47.8
2015-04-05 00:00:00+00:00,46.5
2015-04-05 01:00:00+00:00,45.84
2015-04-05 02:00:00+00:00,46.5
2015-04-05 03:00:00+00:00,45.84
2015-04-05 04:00:00+00:00,45.84
2015-04-05 05:00:00+00:00,44.34
2015-04-05 06:00:00+00:00,44.8
2015-04-05 07:00:00+00:00,45.84
2015-04-05 08:00:00+00:00,42.78
2015-04-05 09:00:00+00:00,40.44
2015-04-05 10:00:00+00:00,27.64
2015-04-05 11:00:00+00:00,16.39
2015-04-05 12:00:00+00:00,11.0
2015-04-05 13:00:00+00:00,12.0
2015-04-05 14:00:00+00:00,12.2
2015-04-05 15:00:00+00:00,20.0
2015-04-05 16:00:00+00:00,38.44
2015-04-05 17:00:00+00:00,53.97
2015-04-05 18:00:00+00:00,63.66
2015-04-05 19:00:00+00:00,58.0
2015-04-05 20:00:00+00:00,59.6
2015-04-05 21:00:00+00:00,51.0
2015-04-05 22:00:00+00:00,51.1
2015-05-04 23:00:00+00:00,47.5
2015-05-05 00:00:00+00:00,45.06
2015-05-05 01:00:00+00:00,41.38
2015-05-05 02:00:00+00:00,42.03
2015-05-05 03:00:00+00:00,43.6
2015-05-05 04:00:00+00:00,48.84
2015-05-05 05:00:00+00:00,56.97
2015-05-05 06:00:00+00:00,66.94
2015-05-05 07:00:00+00:00,65.0
2015-05-05 08:00:00+00:00,55.75
2015-05-05 09:00:00+00:00,55.0
2015-05-05 10:00:00+00:00,49.56
2015-05-05 11:00:00+00:00,54.44
2015-05-05 12:00:00+00:00,64.9
2015-05-05 13:00:00+00:00,68.06
2015-05-05 14:00:00+00:00,70.0
2015-05-05 15:00:00+00:00,62.1
2015-05-05 16:00:00+00:00,55.0
2015-05-05 17:00:00+00:00,58.7
2015-05-05 18:00:00+00:00,72.6
2015-05-05 19:00:00+00:00,66.0
2015-05-05 20:00:00+00:00,50.94
2015-05-05 21:00:00+00:00,49.0
2015-05-05 22:00:00+00:00,49.03
2015-06-03 23:00:00+00:00,45.44
2015-06-04 00:00:00+00:00,43.25
2015-06-04 01:00:00+00:00,41.44
2015-06-04 02:00:00+00:00,41.22
2015-06-04 03:00:00+00:00,43.6
2015-06-04 04:00:00+00:00,45.94
2015-06-04 05:00:00+00:00,52.34
2015-06-04 06:00:00+00:00,64.25
2015-06-04 07:00:00+00:00,65.56
2015-06-04 08:00:00+00:00,59.22
2015-06-04 09:00:00+00:00,60.0
2015-06-04 10:00:00+00:00,53.0
2015-06-04 11:00:00+00:00,46.78
2015-06-04 12:00:00+00:00,55.0
2015-06-04 13:00:00+00:00,59.12
2015-06-04 14:00:00+00:00,59.72
2015-06-04 15:00:00+00:00,57.0
2015-06-04 16:00:00+00:00,59.0
2015-06-04 17:00:00+00:00,61.8
2015-06-04 18:00:00+00:00,63.03
2015-06-04 19:00:00+00:00,76.0
2015-06-04 20:00:00+00:00,55.0
2015-06-04 21:00:00+00:00,54.0
2015-06-04 22:00:00+00:00,50.62
2015-07-03 23:00:00+00:00,54.0
2015-07-04 00:00:00+00:00,50.8
2015-07-04 01:00:00+00:00,47.72
2015-07-04 02:00:00+00:00,47.38
2015-07-04 03:00:00+00:00,46.44
2015-07-04 04:00:00+00:00,45.53
2015-07-04 05:00:00+00:00,47.38
2015-07-04 06:00:00+00:00,47.94
2015-07-04 07:00:00+00:00,48.53
2015-07-04 08:00:00+00:00,51.62
2015-07-04 09:00:00+00:00,50.47
2015-07-04 10:00:00+00:00,48.0
2015-07-04 11:00:00+00:00,46.0
2015-07-04 12:00:00+00:00,46.0
2015-07-04 13:00:00+00:00,47.6
2015-07-04 14:00:00+00:00,48.16
2015-07-04 15:00:00+00:00,51.0
2015-07-04 16:00:00+00:00,54.22
2015-07-04 17:00:00+00:00,55.6
2015-07-04 18:00:00+00:00,55.44
2015-07-04 19:00:00+00:00,57.78
2015-07-04 20:00:00+00:00,54.4
2015-07-04 21:00:00+00:00,51.78
2015-07-04 22:00:00+00:00,51.22
2015-08-02 23:00:00+00:00,57.78
2015-08-03 00:00:00+00:00,55.0
2015-08-03 01:00:00+00:00,53.0
2015-08-03 02:00:00+00:00,52.66
2015-08-03 03:00:00+00:00,54.28
2015-08-03 04:00:00+00:00,56.34
2015-08-03 05:00:00+00:00,57.78
2015-08-03 06:00:00+00:00,61.94
2015-08-03 07:00:00+00:00,62.0
2015-08-03 08:00:00+00:00,57.88
2015-08-03 09:00:00+00:00,58.34
2015-08-03 10:00:00+00:00,55.0
2015-08-03 11:00:00+00:00,56.6
2015-08-03 12:00:00+00:00,58.44
2015-08-03 13:00:00+00:00,58.2
2015-08-03 14:00:00+00:00,59.0
2015-08-03 15:00:00+00:00,64.0
2015-08-03 16:00:00+00:00,68.0
2015-08-03 17:00:00+00:00,70.0
2015-08-03 18:00:00+00:00,70.0
2015-08-03 19:00:00+00:00,75.06
2015-08-03 20:00:00+00:00,66.0
2015-08-03 21:00:00+00:00,58.4
2015-08-03 22:00:00+00:00,62.25
2015-09-01 23:00:00+00:00,49.06
2015-09-02 00:00:00+00:00,46.97
2015-09-02 01:00:00+00:00,46.12
2015-09-02 02:00:00+00:00,46.97
2015-09-02 03:00:00+00:00,47.2
2015-09-02 04:00:00+00:00,57.53
2015-09-02 05:00:00+00:00,58.0
2015-09-02 06:00:00+00:00,79.25
2015-09-02 07:00:00+00:00,68.9
2015-09-02 08:00:00+00:00,64.75
2015-09-02 09:00:00+00:00,69.0
2015-09-02 10:00:00+00:00,58.88
2015-09-02 11:00:00+00:00,59.0
2015-09-02 12:00:00+00:00,65.0
2015-09-02 13:00:00+00:00,67.3
2015-09-02 14:00:00+00:00,67.1
2015-09-02 15:00:00+00:00,63.25
2015-09-02 16:00:00+00:00,64.0
2015-09-02 17:00:00+00:00,67.75
2015-09-02 18:00:00+00:00,73.5
2015-09-02 19:00:00+00:00,60.06
2015-09-02 20:00:00+00:00,56.75
2015-09-02 21:00:00+00:00,50.5
2015-09-02 22:00:00+00:00,52.16
2015-10-01 23:00:00+00:00,40.5
2015-10-02 00:00:00+00:00,38.28
2015-10-02 01:00:00+00:00,36.94
2015-10-02 02:00:00+00:00,38.25
2015-10-02 03:00:00+00:00,42.0
2015-10-02 04:00:00+00:00,50.0
2015-10-02 05:00:00+00:00,59.0
2015-10-02 06:00:00+00:00,70.7
2015-10-02 07:00:00+00:00,63.28
2015-10-02 08:00:00+00:00,61.56
2015-10-02 09:00:00+00:00,58.06
2015-10-02 10:00:00+00:00,52.1
2015-10-02 11:00:00+00:00,52.0
2015-10-02 12:00:00+00:00,54.0
2015-10-02 13:00:00+00:00,57.0
2015-10-02 14:00:00+00:00,57.4
2015-10-02 15:00:00+00:00,57.0
2015-10-02 16:00:00+00:00,54.22
2015-10-02 17:00:00+00:00,68.25
2015-10-02 18:00:00+00:00,57.0
2015-10-02 19:00:00+00:00,50.0
2015-10-02 20:00:00+00:00,48.78
2015-10-02 21:00:00+00:00,44.75
2015-10-02 22:00:00+00:00,41.56
2015-10-31 23:00:00+00:00,41.0
2015-11-01 00:00:00+00:00,38.97
2015-11-01 01:00:00+00:00,35.0
2015-11-01 02:00:00+00:00,34.7
2015-11-01 03:00:00+00:00,31.0
2015-11-01 04:00:00+00:00,31.0
2015-11-01 05:00:00+00:00,31.0
2015-11-01 06:00:00+00:00,26.25
2015-11-01 07:00:00+00:00,26.27
2015-11-01 08:00:00+00:00,27.3
2015-11-01 09:00:00+00:00,27.42
2015-11-01 10:00:00+00:00,27.88
2015-11-01 11:00:00+00:00,28.23
2015-11-01 12:00:00+00:00,27.48
2015-11-01 13:00:00+00:00,27.27
2015-11-01 14:00:00+00:00,33.1
2015-11-01 15:00:00+00:00,40.72
2015-11-01 16:00:00+00:00,50.34
2015-11-01 17:00:00+00:00,50.0
2015-11-01 18:00:00+00:00,50.34
2015-11-01 19:00:00+00:00,46.47
2015-11-01 20:00:00+00:00,41.8
2015-11-01 21:00:00+00:00,41.0
2015-11-01 22:00:00+00:00,37.16
2015-11-30 23:00:00+00:00,43.9
2015-12-01 00:00:00+00:00,41.06
2015-12-01 01:00:00+00:00,39.97
2015-12-01 02:00:00+00:00,39.3
2015-12-01 03:00:00+00:00,39.3
2015-12-01 04:00:00+00:00,42.78
2015-12-01 05:00:00+00:00,54.03
2015-12-01 06:00:00+00:00,74.44
2015-12-01 07:00:00+00:00,81.3
2015-12-01 08:00:00+00:00,75.44
2015-12-01 09:00:00+00:00,71.2
2015-12-01 10:00:00+00:00,64.3
2015-12-01 11:00:00+00:00,57.75
2015-12-01 12:00:00+00:00,59.62
2015-12-01 13:00:00+00:00,68.2
2015-12-01 14:00:00+00:00,80.0
2015-12-01 15:00:00+00:00,94.1
2015-12-01 16:00:00+00:00,114.7
2015-12-01 17:00:00+00:00,95.0
2015-12-01 18:00:00+00:00,80.9
2015-12-01 19:00:00+00:00,70.9
2015-12-01 20:00:00+00:00,71.0
2015-12-01 21:00:00+00:00,61.75
2015-12-01 22:00:00+00:00,55.84
2015-12-30 23:00:00+00:00,40.8
2015-12-31 00:00:00+00:00,34.9
2015-12-31 01:00:00+00:00,31.0
2015-12-31 02:00:00+00:00,30.34
2015-12-31 03:00:00+00:00,29.27
2015-12-31 04:00:00+00:00,32.72
2015-12-31 05:00:00+00:00,39.56
2015-12-31 06:00:00+00:00,49.22
2015-12-31 07:00:00+00:00,56.44
2015-12-31 08:00:00+00:00,62.0
2015-12-31 09:00:00+00:00,61.78
2015-12-31 10:00:00+00:00,53.5
2015-12-31 11:00:00+00:00,43.22
2015-12-31 12:00:00+00:00,42.5
2015-12-31 13:00:00+00:00,43.53
2015-12-31 14:00:00+00:00,49.25
2015-12-31 15:00:00+00:00,57.6
2015-12-31 16:00:00+00:00,72.5
2015-12-31 17:00:00+00:00,71.5
2015-12-31 18:00:00+00:00,70.0
2015-12-31 19:00:00+00:00,58.0
2015-12-31 20:00:00+00:00,49.25
2015-12-31 21:00:00+00:00,44.1
2015-12-31 22:00:00+00:00,41.53
2016-01-29 23:00:00+00:00,43.0
2016-01-30 00:00:00+00:00,41.44
2016-01-30 01:00:00+00:00,38.44
2016-01-30 02:00:00+00:00,38.0
2016-01-30 03:00:00+00:00,37.25
2016-01-30 04:00:00+00:00,38.8
2016-01-30 05:00:00+00:00,41.94
2016-01-30 06:00:00+00:00,46.0
2016-01-30 07:00:00+00:00,51.0
2016-01-30 08:00:00+00:00,50.34
2016-01-30 09:00:00+00:00,47.4
2016-01-30 10:00:00+00:00,49.06
2016-01-30 11:00:00+00:00,42.0
2016-01-30 12:00:00+00:00,39.56
2016-01-30 13:00:00+00:00,39.0
2016-01-30 14:00:00+00:00,40.0
2016-01-30 15:00:00+00:00,41.84
2016-01-30 16:00:00+00:00,45.0
2016-01-30 17:00:00+00:00,48.0
2016-01-30 18:00:00+00:00,48.0
2016-01-30 19:00:00+00:00,45.0
2016-01-30 20:00:00+00:00,40.0
2016-01-30 21:00:00+00:00,37.2
2016-01-30 22:00:00+00:00,34.97
2016-02-28 23:00:00+00:00,20.56
2016-02-29 00:00:00+00:00,18.19
2016-02-29 01:00:00+00:00,17.6
2016-02-29 02:00:00+00:00,17.0
2016-02-29 03:00:00+00:00,17.02
2016-02-29 04:00:00+00:00,20.03
2016-02-29 05:00:00+00:00,33.4
2016-02-29 06:00:00+00:00,37.0
2016-02-29 07:00:00+00:00,41.8
2016-02-29 08:00:00+00:00,45.84
2016-02-29 09:00:00+00:00,45.78
2016-02-29 10:00:00+00:00,43.28
2016-02-29 11:00:00+00:00,37.0
2016-02-29 12:00:00+00:00,36.0
2016-02-29 13:00:00+00:00,38.0
2016-02-29 14:00:00+00:00,41.0
2016-02-29 15:00:00+00:00,40.0
2016-02-29 16:00:00+00:00,40.0
2016-02-29 17:00:00+00:00,43.2
2016-02-29 18:00:00+00:00,42.78
2016-02-29 19:00:00+00:00,40.0
2016-02-29 20:00:00+00:00,36.72
2016-02-29 21:00:00+00:00,33.06
2016-02-29 22:00:00+00:00,32.0
2016-03-29 23:00:00+00:00,26.5
2016-03-30 00:00:00+00:00,25.22
2016-03-30 01:00:00+00:00,25.61
2016-03-30 02:00:00+00:00,25.9
2016-03-30 03:00:00+00:00,26.97
2016-03-30 04:00:00+00:00,31.86
2016-03-30 05:00:00+00:00,36.16
2016-03-30 06:00:00+00:00,39.2
2016-03-30 07:00:00+00:00,38.4
2016-03-30 08:00:00+00:00,36.0
2016-03-30 09:00:00+00:00,34.0
2016-03-30 10:00:00+00:00,30.81
2016-03-30 11:00:00+00:00,30.73
2016-03-30 12:00:00+00:00,31.61
2016-03-30 13:00:00+00:00,34.16
2016-03-30 14:00:00+00:00,35.8
2016-03-30 15:00:00+00:00,32.78
2016-03-30 16:00:00+00:00,36.16
2016-03-30 17:00:00+00:00,39.38
2016-03-30 18:00:00+00:00,39.0
2016-03-30 19:00:00+00:00,36.0
2016-03-30 20:00:00+00:00,32.78
2016-03-30 21:00:00+00:00,31.0
2016-03-30 22:00:00+00:00,26.14
2016-04-28 23:00:00+00:00,28.98
2016-04-29 00:00:00+00:00,28.56
2016-04-29 01:00:00+00:00,26.8
2016-04-29 02:00:00+00:00,28.75
2016-04-29 03:00:00+00:00,29.5
2016-04-29 04:00:00+00:00,33.2
2016-04-29 05:00:00+00:00,36.0
2016-04-29 06:00:00+00:00,42.2
2016-04-29 07:00:00+00:00,41.0
2016-04-29 08:00:00+00:00,36.2
2016-04-29 09:00:00+00:00,35.06
2016-04-29 10:00:00+00:00,30.47
2016-04-29 11:00:00+00:00,30.84
2016-04-29 12:00:00+00:00,30.45
2016-04-29 13:00:00+00:00,30.45
2016-04-29 14:00:00+00:00,33.72
2016-04-29 15:00:00+00:00,33.5
2016-04-29 16:00:00+00:00,32.0
2016-04-29 17:00:00+00:00,34.84
2016-04-29 18:00:00+00:00,35.2
2016-04-29 19:00:00+00:00,35.62
2016-04-29 20:00:00+00:00,35.2
2016-04-29 21:00:00+00:00,31.61
2016-04-29 22:00:00+00:00,33.1
2016-05-28 23:00:00+00:00,18.0
2016-05-29 00:00:00+00:00,15.4
2016-05-29 01:00:00+00:00,25.47
2016-05-29 02:00:00+00:00,29.69
2016-05-29 03:00:00+00:00,32.25
2016-05-29 04:00:00+00:00,31.56
2016-05-29 05:00:00+00:00,31.16
2016-05-29 06:00:00+00:00,32.34
2016-05-29 07:00:00+00:00,35.28
2016-05-29 08:00:00+00:00,33.06
2016-05-29 09:00:00+00:00,30.6
2016-05-29 10:00:00+00:00,29.88
2016-05-29 11:00:00+00:00,28.0
2016-05-29 12:00:00+00:00,26.4
2016-05-29 13:00:00+00:00,26.5
2016-05-29 14:00:00+00:00,25.5
2016-05-29 15:00:00+00:00,25.0
2016-05-29 16:00:00+00:00,23.0
2016-05-29 17:00:00+00:00,20.0
2016-05-29 18:00:00+00:00,19.23
2016-05-29 19:00:00+00:00,23.05
2016-05-29 20:00:00+00:00,23.1
2016-05-29 21:00:00+00:00,19.97
2016-05-29 22:00:00+00:00,20.06
2016-06-27 23:00:00+00:00,30.98
2016-06-28 00:00:00+00:00,30.23
2016-06-28 01:00:00+00:00,28.42
2016-06-28 02:00:00+00:00,30.23
2016-06-28 03:00:00+00:00,29.9
2016-06-28 04:00:00+00:00,34.06
2016-06-28 05:00:00+00:00,40.1
2016-06-28 06:00:00+00:00,41.9
2016-06-28 07:00:00+00:00,41.97
2016-06-28 08:00:00+00:00,38.94
2016-06-28 09:00:00+00:00,37.88
2016-06-28 10:00:00+00:00,35.38
2016-06-28 11:00:00+00:00,34.34
2016-06-28 12:00:00+00:00,35.88
2016-06-28 13:00:00+00:00,41.66
2016-06-28 14:00:00+00:00,42.28
2016-06-28 15:00:00+00:00,40.75
2016-06-28 16:00:00+00:00,42.5
2016-06-28 17:00:00+00:00,41.75
2016-06-28 18:00:00+00:00,45.0
2016-06-28 19:00:00+00:00,42.5
2016-06-28 20:00:00+00:00,42.5
2016-06-28 21:00:00+00:00,38.12
2016-06-28 22:00:00+00:00,40.06
2016-07-27 23:00:00+00:00,39.0
2016-07-28 00:00:00+00:00,37.22
2016-07-28 01:00:00+00:00,36.1
2016-07-28 02:00:00+00:00,36.0
2016-07-28 03:00:00+00:00,37.5
2016-07-28 04:00:00+00:00,38.0
2016-07-28 05:00:00+00:00,43.0
2016-07-28 06:00:00+00:00,49.28
2016-07-28 07:00:00+00:00,46.88
2016-07-28 08:00:00+00:00,43.9
2016-07-28 09:00:00+00:00,45.0
2016-07-28 10:00:00+00:00,42.5
2016-07-28 11:00:00+00:00,42.5
2016-07-28 12:00:00+00:00,45.0
2016-07-28 13:00:00+00:00,50.0
2016-07-28 14:00:00+00:00,50.3
2016-07-28 15:00:00+00:00,45.34
2016-07-28 16:00:00+00:00,45.0
2016-07-28 17:00:00+00:00,45.47
2016-07-28 18:00:00+00:00,45.0
2016-07-28 19:00:00+00:00,44.0
2016-07-28 20:00:00+00:00,41.47
2016-07-28 21:00:00+00:00,39.22
2016-07-28 22:00:00+00:00,37.0
2016-08-26 23:00:00+00:00,30.86
2016-08-27 00:00:00+00:00,28.9
2016-08-27 01:00:00+00:00,28.84
2016-08-27 02:00:00+00:00,30.75
2016-08-27 03:00:00+00:00,32.44
2016-08-27 04:00:00+00:00,32.03
2016-08-27 05:00:00+00:00,34.0
2016-08-27 06:00:00+00:00,36.2
2016-08-27 07:00:00+00:00,36.2
2016-08-27 08:00:00+00:00,37.6
2016-08-27 09:00:00+00:00,37.0
2016-08-27 10:00:00+00:00,36.5
2016-08-27 11:00:00+00:00,34.62
2016-08-27 12:00:00+00:00,31.8
2016-08-27 13:00:00+00:00,31.9
2016-08-27 14:00:00+00:00,33.0
2016-08-27 15:00:00+00:00,35.0
2016-08-27 16:00:00+00:00,37.9
2016-08-27 17:00:00+00:00,41.0
2016-08-27 18:00:00+00:00,43.0
2016-08-27 19:00:00+00:00,41.66
2016-08-27 20:00:00+00:00,40.0
2016-08-27 21:00:00+00:00,36.5
2016-08-27 22:00:00+00:00,37.25
2016-09-25 23:00:00+00:00,33.9
2016-09-26 00:00:00+00:00,30.62
2016-09-26 01:00:00+00:00,30.19
2016-09-26 02:00:00+00:00,30.55
2016-09-26 03:00:00+00:00,34.53
2016-09-26 04:00:00+00:00,41.3
2016-09-26 05:00:00+00:00,46.53
2016-09-26 06:00:00+00:00,49.0
2016-09-26 07:00:00+00:00,46.84
2016-09-26 08:00:00+00:00,46.16
2016-09-26 09:00:00+00:00,43.03
2016-09-26 10:00:00+00:00,42.0
2016-09-26 11:00:00+00:00,43.0
2016-09-26 12:00:00+00:00,45.75
2016-09-26 13:00:00+00:00,45.53
2016-09-26 14:00:00+00:00,46.16
2016-09-26 15:00:00+00:00,44.84
2016-09-26 16:00:00+00:00,49.56
2016-09-26 17:00:00+00:00,54.12
2016-09-26 18:00:00+00:00,51.22
2016-09-26 19:00:00+00:00,45.47
2016-09-26 20:00:00+00:00,45.16
2016-09-26 21:00:00+00:00,42.1
2016-09-26 22:00:00+00:00,37.53
2016-10-25 23:00:00+00:00,51.56
2016-10-26 00:00:00+00:00,46.38
2016-10-26 01:00:00+00:00,43.03
2016-10-26 02:00:00+00:00,43.88
2016-10-26 03:00:00+00:00,47.8
2016-10-26 04:00:00+00:00,60.7
2016-10-26 05:00:00+00:00,83.8
2016-10-26 06:00:00+00:00,89.1
2016-10-26 07:00:00+00:00,89.94
2016-10-26 08:00:00+00:00,87.06
2016-10-26 09:00:00+00:00,85.94
2016-10-26 10:00:00+00:00,78.06
2016-10-26 11:00:00+00:00,76.7
2016-10-26 12:00:00+00:00,77.2
2016-10-26 13:00:00+00:00,77.0
2016-10-26 14:00:00+00:00,77.0
2016-10-26 15:00:00+00:00,75.5
2016-10-26 16:00:00+00:00,83.94
2016-10-26 17:00:00+00:00,92.7
2016-10-26 18:00:00+00:00,83.3
2016-10-26 19:00:00+00:00,71.0
2016-10-26 20:00:00+00:00,61.44
2016-10-26 21:00:00+00:00,57.06
2016-10-26 22:00:00+00:00,52.6
2016-11-24 23:00:00+00:00,38.2
2016-11-25 00:00:00+00:00,34.0
2016-11-25 01:00:00+00:00,32.03
2016-11-25 02:00:00+00:00,31.05
2016-11-25 03:00:00+00:00,31.19
2016-11-25 04:00:00+00:00,34.84
2016-11-25 05:00:00+00:00,47.0
2016-11-25 06:00:00+00:00,59.9
2016-11-25 07:00:00+00:00,65.0
2016-11-25 08:00:00+00:00,63.2
2016-11-25 09:00:00+00:00,62.03
2016-11-25 10:00:00+00:00,60.5
2016-11-25 11:00:00+00:00,59.97
2016-11-25 12:00:00+00:00,58.0
2016-11-25 13:00:00+00:00,59.0
2016-11-25 14:00:00+00:00,59.0
2016-11-25 15:00:00+00:00,60.0
2016-11-25 16:00:00+00:00,64.5
2016-11-25 17:00:00+00:00,67.0
2016-11-25 18:00:00+00:00,65.0
2016-11-25 19:00:00+00:00,57.7
2016-11-25 20:00:00+00:00,54.1
2016-11-25 21:00:00+00:00,52.0
2016-11-25 22:00:00+00:00,46.7
2016-12-24 23:00:00+00:00,48.1
2016-12-25 00:00:00+00:00,45.5
2016-12-25 01:00:00+00:00,41.28
2016-12-25 02:00:00+00:00,36.22
2016-12-25 03:00:00+00:00,36.22
2016-12-25 04:00:00+00:00,36.22
2016-12-25 05:00:00+00:00,38.88
2016-12-25 06:00:00+00:00,39.75
2016-12-25 07:00:00+00:00,38.88
2016-12-25 08:00:00+00:00,40.78
2016-12-25 09:00:00+00:00,41.84
2016-12-25 10:00:00+00:00,42.38
2016-12-25 11:00:00+00:00,44.75
2016-12-25 12:00:00+00:00,38.66
2016-12-25 13:00:00+00:00,31.4
2016-12-25 14:00:00+00:00,39.12
2016-12-25 15:00:00+00:00,47.75
2016-12-25 16:00:00+00:00,48.6
2016-12-25 17:00:00+00:00,48.7
2016-12-25 18:00:00+00:00,50.4
2016-12-25 19:00:00+00:00,49.78
2016-12-25 20:00:00+00:00,48.6
2016-12-25 21:00:00+00:00,48.47
2016-12-25 22:00:00+00:00,48.1
2017-01-23 23:00:00+00:00,86.8
2017-01-24 00:00:00+00:00,82.06
2017-01-24 01:00:00+00:00,75.7
2017-01-24 02:00:00+00:00,70.1
2017-01-24 03:00:00+00:00,69.06
2017-01-24 04:00:00+00:00,79.75
2017-01-24 05:00:00+00:00,102.9
2017-01-24 06:00:00+00:00,170.0
2017-01-24 07:00:00+00:00,204.8
2017-01-24 08:00:00+00:00,155.5
2017-01-24 09:00:00+00:00,151.1
2017-01-24 10:00:00+00:00,135.0
2017-01-24 11:00:00+00:00,121.56
2017-01-24 12:00:00+00:00,117.7
2017-01-24 13:00:00+00:00,112.2
2017-01-24 14:00:00+00:00,117.2
2017-01-24 15:00:00+00:00,120.0
2017-01-24 16:00:00+00:00,131.0
2017-01-24 17:00:00+00:00,145.0
2017-01-24 18:00:00+00:00,125.94
2017-01-24 19:00:00+00:00,118.1
2017-01-24 20:00:00+00:00,96.3
2017-01-24 21:00:00+00:00,93.7
2017-01-24 22:00:00+00:00,90.75
2017-02-22 23:00:00+00:00,45.5
2017-02-23 00:00:00+00:00,42.0
2017-02-23 01:00:00+00:00,40.34
2017-02-23 02:00:00+00:00,39.3
2017-02-23 03:00:00+00:00,40.22
2017-02-23 04:00:00+00:00,45.62
2017-02-23 05:00:00+00:00,49.8
2017-02-23 06:00:00+00:00,57.12
2017-02-23 07:00:00+00:00,58.7
2017-02-23 08:00:00+00:00,58.3
2017-02-23 09:00:00+00:00,58.0
2017-02-23 10:00:00+00:00,57.4
2017-02-23 11:00:00+00:00,52.4
2017-02-23 12:00:00+00:00,51.03
2017-02-23 13:00:00+00:00,53.1
2017-02-23 14:00:00+00:00,55.16
2017-02-23 15:00:00+00:00,56.12
2017-02-23 16:00:00+00:00,55.78
2017-02-23 17:00:00+00:00,58.16
2017-02-23 18:00:00+00:00,58.78
2017-02-23 19:00:00+00:00,55.0
2017-02-23 20:00:00+00:00,53.0
2017-02-23 21:00:00+00:00,48.0
2017-02-23 22:00:00+00:00,46.03
2017-03-24 23:00:00+00:00,42.38
2017-03-25 00:00:00+00:00,36.9
2017-03-25 01:00:00+00:00,35.0
2017-03-25 02:00:00+00:00,32.62
2017-03-25 03:00:00+00:00,33.62
2017-03-25 04:00:00+00:00,35.0
2017-03-25 05:00:00+00:00,36.3
2017-03-25 06:00:00+00:00,39.56
2017-03-25 07:00:00+00:00,45.0
2017-03-25 08:00:00+00:00,45.0
2017-03-25 09:00:00+00:00,45.0
2017-03-25 10:00:00+00:00,42.38
2017-03-25 11:00:00+00:00,38.0
2017-03-25 12:00:00+00:00,36.7
2017-03-25 13:00:00+00:00,38.0
2017-03-25 14:00:00+00:00,42.38
2017-03-25 15:00:00+00:00,48.0
2017-03-25 16:00:00+00:00,50.0
2017-03-25 17:00:00+00:00,51.0
2017-03-25 18:00:00+00:00,50.06
2017-03-25 19:00:00+00:00,47.44
2017-03-25 20:00:00+00:00,45.0
2017-03-25 21:00:00+00:00,39.94
2017-03-25 22:00:00+00:00,39.53
2017-04-23 23:00:00+00:00,38.88
2017-04-24 00:00:00+00:00,34.12
2017-04-24 01:00:00+00:00,33.5
2017-04-24 02:00:00+00:00,38.88
2017-04-24 03:00:00+00:00,47.9
2017-04-24 04:00:00+00:00,54.0
2017-04-24 05:00:00+00:00,56.0
2017-04-24 06:00:00+00:00,58.97
2017-04-24 07:00:00+00:00,55.53
2017-04-24 08:00:00+00:00,55.66
2017-04-24 09:00:00+00:00,55.66
2017-04-24 10:00:00+00:00,53.0
2017-04-24 11:00:00+00:00,52.97
2017-04-24 12:00:00+00:00,53.0
2017-04-24 13:00:00+00:00,53.16
2017-04-24 14:00:00+00:00,55.0
2017-04-24 15:00:00+00:00,54.62
2017-04-24 16:00:00+00:00,55.0
2017-04-24 17:00:00+00:00,55.0
2017-04-24 18:00:00+00:00,56.0
2017-04-24 19:00:00+00:00,55.0
2017-04-24 20:00:00+00:00,50.0
2017-04-24 21:00:00+00:00,40.16
2017-04-24 22:00:00+00:00,39.8
2017-05-23 23:00:00+00:00,37.16
2017-05-24 00:00:00+00:00,37.16
2017-05-24 01:00:00+00:00,34.3
2017-05-24 02:00:00+00:00,34.2
2017-05-24 03:00:00+00:00,34.44
2017-05-24 04:00:00+00:00,43.06
2017-05-24 05:00:00+00:00,44.0
2017-05-24 06:00:00+00:00,49.3
2017-05-24 07:00:00+00:00,44.84
2017-05-24 08:00:00+00:00,43.0
2017-05-24 09:00:00+00:00,39.16
2017-05-24 10:00:00+00:00,38.0
2017-05-24 11:00:00+00:00,36.7
2017-05-24 12:00:00+00:00,39.16
2017-05-24 13:00:00+00:00,42.0
2017-05-24 14:00:00+00:00,45.12
2017-05-24 15:00:00+00:00,45.12
2017-05-24 16:00:00+00:00,49.88
2017-05-24 17:00:00+00:00,51.1
2017-05-24 18:00:00+00:00,55.0
2017-05-24 19:00:00+00:00,55.0
2017-05-24 20:00:00+00:00,49.3
2017-05-24 21:00:00+00:00,44.84
2017-05-24 22:00:00+00:00,46.0
2017-06-22 23:00:00+00:00,51.6
2017-06-23 00:00:00+00:00,48.7
2017-06-23 01:00:00+00:00,48.0
2017-06-23 02:00:00+00:00,47.94
2017-06-23 03:00:00+00:00,47.47
2017-06-23 04:00:00+00:00,48.2
2017-06-23 05:00:00+00:00,55.66
2017-06-23 06:00:00+00:00,77.25
2017-06-23 07:00:00+00:00,74.5
2017-06-23 08:00:00+00:00,73.2
2017-06-23 09:00:00+00:00,73.4
2017-06-23 10:00:00+00:00,69.25
2017-06-23 11:00:00+00:00,69.25
2017-06-23 12:00:00+00:00,70.0
2017-06-23 13:00:00+00:00,69.25
2017-06-23 14:00:00+00:00,76.8
2017-06-23 15:00:00+00:00,70.4
2017-06-23 16:00:00+00:00,65.0
2017-06-23 17:00:00+00:00,65.25
2017-06-23 18:00:00+00:00,64.2
2017-06-23 19:00:00+00:00,63.5
2017-06-23 20:00:00+00:00,52.1
2017-06-23 21:00:00+00:00,50.0
2017-06-23 22:00:00+00:00,56.66
2017-07-22 23:00:00+00:00,43.3
2017-07-23 00:00:00+00:00,43.28
2017-07-23 01:00:00+00:00,43.0
2017-07-23 02:00:00+00:00,42.72
2017-07-23 03:00:00+00:00,41.47
2017-07-23 04:00:00+00:00,38.12
2017-07-23 05:00:00+00:00,41.1
2017-07-23 06:00:00+00:00,39.16
2017-07-23 07:00:00+00:00,38.12
2017-07-23 08:00:00+00:00,38.0
2017-07-23 09:00:00+00:00,37.25
2017-07-23 10:00:00+00:00,37.0
2017-07-23 11:00:00+00:00,30.0
2017-07-23 12:00:00+00:00,30.0
2017-07-23 13:00:00+00:00,32.38
2017-07-23 14:00:00+00:00,36.88
2017-07-23 15:00:00+00:00,41.1
2017-07-23 16:00:00+00:00,44.5
2017-07-23 17:00:00+00:00,47.0
2017-07-23 18:00:00+00:00,49.03
2017-07-23 19:00:00+00:00,51.94
2017-07-23 20:00:00+00:00,49.66
2017-07-23 21:00:00+00:00,45.84
2017-07-23 22:00:00+00:00,43.97
2017-08-21 23:00:00+00:00,43.5
2017-08-22 00:00:00+00:00,41.12
2017-08-22 01:00:00+00:00,40.9
2017-08-22 02:00:00+00:00,41.12
2017-08-22 03:00:00+00:00,43.28
2017-08-22 04:00:00+00:00,48.66
2017-08-22 05:00:00+00:00,50.7
2017-08-22 06:00:00+00:00,52.28
2017-08-22 07:00:00+00:00,54.9
2017-08-22 08:00:00+00:00,52.0
2017-08-22 09:00:00+00:00,51.06
2017-08-22 10:00:00+00:00,48.66
2017-08-22 11:00:00+00:00,46.0
2017-08-22 12:00:00+00:00,48.66
2017-08-22 13:00:00+00:00,51.06
2017-08-22 14:00:00+00:00,52.9
2017-08-22 15:00:00+00:00,54.0
2017-08-22 16:00:00+00:00,54.9
2017-08-22 17:00:00+00:00,57.62
2017-08-22 18:00:00+00:00,75.94
2017-08-22 19:00:00+00:00,60.0
2017-08-22 20:00:00+00:00,54.0
2017-08-22 21:00:00+00:00,50.7
2017-08-22 22:00:00+00:00,50.03
2017-09-20 23:00:00+00:00,43.0
2017-09-21 00:00:00+00:00,42.4
2017-09-21 01:00:00+00:00,42.53
2017-09-21 02:00:00+00:00,42.53
2017-09-21 03:00:00+00:00,43.66
2017-09-21 04:00:00+00:00,53.2
2017-09-21 05:00:00+00:00,56.0
2017-09-21 06:00:00+00:00,62.0
2017-09-21 07:00:00+00:00,58.62
2017-09-21 08:00:00+00:00,56.0
2017-09-21 09:00:00+00:00,53.2
2017-09-21 10:00:00+00:00,42.53
2017-09-21 11:00:00+00:00,42.0
2017-09-21 12:00:00+00:00,43.12
2017-09-21 13:00:00+00:00,51.56
2017-09-21 14:00:00+00:00,53.2
2017-09-21 15:00:00+00:00,54.72
2017-09-21 16:00:00+00:00,62.0
2017-09-21 17:00:00+00:00,89.4
2017-09-21 18:00:00+00:00,72.0
2017-09-21 19:00:00+00:00,59.0
2017-09-21 20:00:00+00:00,51.8
2017-09-21 21:00:00+00:00,51.56
2017-09-21 22:00:00+00:00,51.5
2017-10-20 23:00:00+00:00,48.28
2017-10-21 00:00:00+00:00,46.12
2017-10-21 01:00:00+00:00,46.28
2017-10-21 02:00:00+00:00,46.28
2017-10-21 03:00:00+00:00,48.28
2017-10-21 04:00:00+00:00,52.88
2017-10-21 05:00:00+00:00,65.0
2017-10-21 06:00:00+00:00,68.7
2017-10-21 07:00:00+00:00,60.0
2017-10-21 08:00:00+00:00,56.12
2017-10-21 09:00:00+00:00,53.1
2017-10-21 10:00:00+00:00,50.7
2017-10-21 11:00:00+00:00,48.9
2017-10-21 12:00:00+00:00,44.34
2017-10-21 13:00:00+00:00,47.0
2017-10-21 14:00:00+00:00,47.62
2017-10-21 15:00:00+00:00,50.7
2017-10-21 16:00:00+00:00,69.7
2017-10-21 17:00:00+00:00,70.7
2017-10-21 18:00:00+00:00,70.0
2017-10-21 19:00:00+00:00,56.75
2017-10-21 20:00:00+00:00,50.38
2017-10-21 21:00:00+00:00,46.12
2017-10-21 22:00:00+00:00,44.6
2017-11-19 23:00:00+00:00,63.5
2017-11-20 00:00:00+00:00,57.9
2017-11-20 01:00:00+00:00,54.4
2017-11-20 02:00:00+00:00,51.44
2017-11-20 03:00:00+00:00,48.4
2017-11-20 04:00:00+00:00,53.9
2017-11-20 05:00:00+00:00,70.1
2017-11-20 06:00:00+00:00,81.2
2017-11-20 07:00:00+00:00,88.94
2017-11-20 08:00:00+00:00,80.4
2017-11-20 09:00:00+00:00,77.1
2017-11-20 10:00:00+00:00,72.44
2017-11-20 11:00:00+00:00,69.75
2017-11-20 12:00:00+00:00,68.06
2017-11-20 13:00:00+00:00,69.75
2017-11-20 14:00:00+00:00,79.1
2017-11-20 15:00:00+00:00,85.5
2017-11-20 16:00:00+00:00,99.4
2017-11-20 17:00:00+00:00,85.0
2017-11-20 18:00:00+00:00,79.56
2017-11-20 19:00:00+00:00,75.0
2017-11-20 20:00:00+00:00,68.5
2017-11-20 21:00:00+00:00,61.94
2017-11-20 22:00:00+00:00,57.75
2017-12-19 23:00:00+00:00,67.0
2017-12-20 00:00:00+00:00,65.0
2017-12-20 01:00:00+00:00,61.8
2017-12-20 02:00:00+00:00,61.1
2017-12-20 03:00:00+00:00,62.94
2017-12-20 04:00:00+00:00,66.25
2017-12-20 05:00:00+00:00,72.7
2017-12-20 06:00:00+00:00,76.4
2017-12-20 07:00:00+00:00,100.0
2017-12-20 08:00:00+00:00,104.4
2017-12-20 09:00:00+00:00,90.0
2017-12-20 10:00:00+00:00,82.94
2017-12-20 11:00:00+00:00,76.4
2017-12-20 12:00:00+00:00,76.0
2017-12-20 13:00:00+00:00,80.0
2017-12-20 14:00:00+00:00,85.75
2017-12-20 15:00:00+00:00,100.0
2017-12-20 16:00:00+00:00,99.75
2017-12-20 17:00:00+00:00,85.56
2017-12-20 18:00:00+00:00,78.44
2017-12-20 19:00:00+00:00,76.5
2017-12-20 20:00:00+00:00,70.6
2017-12-20 21:00:00+00:00,68.75
2017-12-20 22:00:00+00:00,65.0
2018-01-18 23:00:00+00:00,43.56
2018-01-19 00:00:00+00:00,38.3
2018-01-19 01:00:00+00:00,33.47
2018-01-19 02:00:00+00:00,34.3
2018-01-19 03:00:00+00:00,33.3
2018-01-19 04:00:00+00:00,38.34
2018-01-19 05:00:00+00:00,44.06
2018-01-19 06:00:00+00:00,53.75
2018-01-19 07:00:00+00:00,62.8
2018-01-19 08:00:00+00:00,58.06
2018-01-19 09:00:00+00:00,56.25
2018-01-19 10:00:00+00:00,56.12
2018-01-19 11:00:00+00:00,48.88
2018-01-19 12:00:00+00:00,48.8
2018-01-19 13:00:00+00:00,50.9
2018-01-19 14:00:00+00:00,54.94
2018-01-19 15:00:00+00:00,57.4
2018-01-19 16:00:00+00:00,66.4
2018-01-19 17:00:00+00:00,66.4
2018-01-19 18:00:00+00:00,62.56
2018-01-19 19:00:00+00:00,53.3
2018-01-19 20:00:00+00:00,48.8
2018-01-19 21:00:00+00:00,46.78
2018-01-19 22:00:00+00:00,43.56
2018-02-17 23:00:00+00:00,43.62
2018-02-18 00:00:00+00:00,40.78
2018-02-18 01:00:00+00:00,40.28
2018-02-18 02:00:00+00:00,40.0
2018-02-18 03:00:00+00:00,39.56
2018-02-18 04:00:00+00:00,40.38
2018-02-18 05:00:00+00:00,40.28
2018-02-18 06:00:00+00:00,43.0
2018-02-18 07:00:00+00:00,44.12
2018-02-18 08:00:00+00:00,45.9
2018-02-18 09:00:00+00:00,47.0
2018-02-18 10:00:00+00:00,47.0
2018-02-18 11:00:00+00:00,47.0
2018-02-18 12:00:00+00:00,44.0
2018-02-18 13:00:00+00:00,43.75
2018-02-18 14:00:00+00:00,45.0
2018-02-18 15:00:00+00:00,47.0
2018-02-18 16:00:00+00:00,48.72
2018-02-18 17:00:00+00:00,61.9
2018-02-18 18:00:00+00:00,64.0
2018-02-18 19:00:00+00:00,59.34
2018-02-18 20:00:00+00:00,54.62
2018-02-18 21:00:00+00:00,50.1
2018-02-18 22:00:00+00:00,47.22
2018-03-19 23:00:00+00:00,46.6
2018-03-20 00:00:00+00:00,46.6
2018-03-20 01:00:00+00:00,44.8
2018-03-20 02:00:00+00:00,46.4
2018-03-20 03:00:00+00:00,46.97
2018-03-20 04:00:00+00:00,48.25
2018-03-20 05:00:00+00:00,58.28
2018-03-20 06:00:00+00:00,70.56
2018-03-20 07:00:00+00:00,74.1
2018-03-20 08:00:00+00:00,71.44
2018-03-20 09:00:00+00:00,68.8
2018-03-20 10:00:00+00:00,64.5
2018-03-20 11:00:00+00:00,58.28
2018-03-20 12:00:00+00:00,58.1
2018-03-20 13:00:00+00:00,65.0
2018-03-20 14:00:00+00:00,71.0
2018-03-20 15:00:00+00:00,71.0
2018-03-20 16:00:00+00:00,73.5
2018-03-20 17:00:00+00:00,75.3
2018-03-20 18:00:00+00:00,75.7
2018-03-20 19:00:00+00:00,71.75
2018-03-20 20:00:00+00:00,60.94
2018-03-20 21:00:00+00:00,56.0
2018-03-20 22:00:00+00:00,52.12
2018-04-18 23:00:00+00:00,35.0
2018-04-19 00:00:00+00:00,32.53
2018-04-19 01:00:00+00:00,31.02
2018-04-19 02:00:00+00:00,31.1
2018-04-19 03:00:00+00:00,35.47
2018-04-19 04:00:00+00:00,48.3
2018-04-19 05:00:00+00:00,53.38
2018-04-19 06:00:00+00:00,60.38
2018-04-19 07:00:00+00:00,49.16
2018-04-19 08:00:00+00:00,47.72
2018-04-19 09:00:00+00:00,43.56
2018-04-19 10:00:00+00:00,36.53
2018-04-19 11:00:00+00:00,34.38
2018-04-19 12:00:00+00:00,35.56
2018-04-19 13:00:00+00:00,41.84
2018-04-19 14:00:00+00:00,46.47
2018-04-19 15:00:00+00:00,48.2
2018-04-19 16:00:00+00:00,50.12
2018-04-19 17:00:00+00:00,57.56
2018-04-19 18:00:00+00:00,60.38
2018-04-19 19:00:00+00:00,53.0
2018-04-19 20:00:00+00:00,46.38
2018-04-19 21:00:00+00:00,45.0
2018-04-19 22:00:00+00:00,44.62
2018-05-18 23:00:00+00:00,50.7
2018-05-19 00:00:00+00:00,42.7
2018-05-19 01:00:00+00:00,41.94
2018-05-19 02:00:00+00:00,39.03
2018-05-19 03:00:00+00:00,38.78
2018-05-19 04:00:00+00:00,42.44
2018-05-19 05:00:00+00:00,50.4
2018-05-19 06:00:00+00:00,54.2
2018-05-19 07:00:00+00:00,53.88
2018-05-19 08:00:00+00:00,53.7
2018-05-19 09:00:00+00:00,52.16
2018-05-19 10:00:00+00:00,41.94
2018-05-19 11:00:00+00:00,35.0
2018-05-19 12:00:00+00:00,34.5
2018-05-19 13:00:00+00:00,39.0
2018-05-19 14:00:00+00:00,48.97
2018-05-19 15:00:00+00:00,44.5
2018-05-19 16:00:00+00:00,44.9
2018-05-19 17:00:00+00:00,54.53
2018-05-19 18:00:00+00:00,57.2
2018-05-19 19:00:00+00:00,57.66
2018-05-19 20:00:00+00:00,50.0
2018-05-19 21:00:00+00:00,44.88
2018-05-19 22:00:00+00:00,55.5
2018-06-17 23:00:00+00:00,37.0
2018-06-18 00:00:00+00:00,35.4
2018-06-18 01:00:00+00:00,34.0
2018-06-18 02:00:00+00:00,34.0
2018-06-18 03:00:00+00:00,38.75
2018-06-18 04:00:00+00:00,55.0
2018-06-18 05:00:00+00:00,59.66
2018-06-18 06:00:00+00:00,61.25
2018-06-18 07:00:00+00:00,61.0
2018-06-18 08:00:00+00:00,58.66
2018-06-18 09:00:00+00:00,58.1
2018-06-18 10:00:00+00:00,56.38
2018-06-18 11:00:00+00:00,56.38
2018-06-18 12:00:00+00:00,59.0
2018-06-18 13:00:00+00:00,59.66
2018-06-18 14:00:00+00:00,60.0
2018-06-18 15:00:00+00:00,60.0
2018-06-18 16:00:00+00:00,59.9
2018-06-18 17:00:00+00:00,62.28
2018-06-18 18:00:00+00:00,62.28
2018-06-18 19:00:00+00:00,61.3
2018-06-18 20:00:00+00:00,59.2
2018-06-18 21:00:00+00:00,55.1
2018-06-18 22:00:00+00:00,58.0
2018-07-17 23:00:00+00:00,59.16
2018-07-18 00:00:00+00:00,58.66
2018-07-18 01:00:00+00:00,54.9
2018-07-18 02:00:00+00:00,55.0
2018-07-18 03:00:00+00:00,57.66
2018-07-18 04:00:00+00:00,62.0
2018-07-18 05:00:00+00:00,68.4
2018-07-18 06:00:00+00:00,73.3
2018-07-18 07:00:00+00:00,73.1
2018-07-18 08:00:00+00:00,70.56
2018-07-18 09:00:00+00:00,69.0
2018-07-18 10:00:00+00:00,62.22
2018-07-18 11:00:00+00:00,65.25
2018-07-18 12:00:00+00:00,69.25
2018-07-18 13:00:00+00:00,69.94
2018-07-18 14:00:00+00:00,72.0
2018-07-18 15:00:00+00:00,74.0
2018-07-18 16:00:00+00:00,74.6
2018-07-18 17:00:00+00:00,76.1
2018-07-18 18:00:00+00:00,76.1
2018-07-18 19:00:00+00:00,76.1
2018-07-18 20:00:00+00:00,71.9
2018-07-18 21:00:00+00:00,63.03
2018-07-18 22:00:00+00:00,63.0
2018-08-16 23:00:00+00:00,51.75
2018-08-17 00:00:00+00:00,49.53
2018-08-17 01:00:00+00:00,49.28
2018-08-17 02:00:00+00:00,49.28
2018-08-17 03:00:00+00:00,52.12
2018-08-17 04:00:00+00:00,56.62
2018-08-17 05:00:00+00:00,62.8
2018-08-17 06:00:00+00:00,64.0
2018-08-17 07:00:00+00:00,64.4
2018-08-17 08:00:00+00:00,63.0
2018-08-17 09:00:00+00:00,62.8
2018-08-17 10:00:00+00:00,61.97
2018-08-17 11:00:00+00:00,59.28
2018-08-17 12:00:00+00:00,59.4
2018-08-17 13:00:00+00:00,62.06
2018-08-17 14:00:00+00:00,64.0
2018-08-17 15:00:00+00:00,65.0
2018-08-17 16:00:00+00:00,65.44
2018-08-17 17:00:00+00:00,66.3
2018-08-17 18:00:00+00:00,67.0
2018-08-17 19:00:00+00:00,65.8
2018-08-17 20:00:00+00:00,65.0
2018-08-17 21:00:00+00:00,63.84
2018-08-17 22:00:00+00:00,62.5
2018-09-15 23:00:00+00:00,68.1
2018-09-16 00:00:00+00:00,64.9
2018-09-16 01:00:00+00:00,62.7
2018-09-16 02:00:00+00:00,62.34
2018-09-16 03:00:00+00:00,62.34
2018-09-16 04:00:00+00:00,65.75
2018-09-16 05:00:00+00:00,62.72
2018-09-16 06:00:00+00:00,61.4
2018-09-16 07:00:00+00:00,63.4
2018-09-16 08:00:00+00:00,63.34
2018-09-16 09:00:00+00:00,62.9
2018-09-16 10:00:00+00:00,61.4
2018-09-16 11:00:00+00:00,59.66
2018-09-16 12:00:00+00:00,59.1
2018-09-16 13:00:00+00:00,60.1
2018-09-16 14:00:00+00:00,63.84
2018-09-16 15:00:00+00:00,68.0
2018-09-16 16:00:00+00:00,68.8
2018-09-16 17:00:00+00:00,73.3
2018-09-16 18:00:00+00:00,75.0
2018-09-16 19:00:00+00:00,72.8
2018-09-16 20:00:00+00:00,72.06
2018-09-16 21:00:00+00:00,68.0
2018-09-16 22:00:00+00:00,70.0
2018-10-15 23:00:00+00:00,65.4
2018-10-16 00:00:00+00:00,65.0
2018-10-16 01:00:00+00:00,64.94
2018-10-16 02:00:00+00:00,64.94
2018-10-16 03:00:00+00:00,66.0
2018-10-16 04:00:00+00:00,78.4
2018-10-16 05:00:00+00:00,87.0
2018-10-16 06:00:00+00:00,95.9
2018-10-16 07:00:00+00:00,95.0
2018-10-16 08:00:00+00:00,90.0
2018-10-16 09:00:00+00:00,90.0
2018-10-16 10:00:00+00:00,77.0
2018-10-16 11:00:00+00:00,78.8
2018-10-16 12:00:00+00:00,85.0
2018-10-16 13:00:00+00:00,90.0
2018-10-16 14:00:00+00:00,89.4
2018-10-16 15:00:00+00:00,84.3
2018-10-16 16:00:00+00:00,93.0
2018-10-16 17:00:00+00:00,105.1
2018-10-16 18:00:00+00:00,90.0
2018-10-16 19:00:00+00:00,76.7
2018-10-16 20:00:00+00:00,77.0
2018-10-16 21:00:00+00:00,70.06
2018-10-16 22:00:00+00:00,68.4
2018-11-14 23:00:00+00:00,57.25
2018-11-15 00:00:00+00:00,51.94
2018-11-15 01:00:00+00:00,51.28
2018-11-15 02:00:00+00:00,50.28
2018-11-15 03:00:00+00:00,51.03
2018-11-15 04:00:00+00:00,53.16
2018-11-15 05:00:00+00:00,65.06
2018-11-15 06:00:00+00:00,73.2
2018-11-15 07:00:00+00:00,74.44
2018-11-15 08:00:00+00:00,73.25
2018-11-15 09:00:00+00:00,70.0
2018-11-15 10:00:00+00:00,68.4
2018-11-15 11:00:00+00:00,67.2
2018-11-15 12:00:00+00:00,67.5
2018-11-15 13:00:00+00:00,68.44
2018-11-15 14:00:00+00:00,73.1
2018-11-15 15:00:00+00:00,74.5
2018-11-15 16:00:00+00:00,79.7
2018-11-15 17:00:00+00:00,79.0
2018-11-15 18:00:00+00:00,76.0
2018-11-15 19:00:00+00:00,71.06
2018-11-15 20:00:00+00:00,68.25
2018-11-15 21:00:00+00:00,65.44
2018-11-15 22:00:00+00:00,64.0
2018-12-14 23:00:00+00:00,70.3
2018-12-15 00:00:00+00:00,63.44
2018-12-15 01:00:00+00:00,59.25
2018-12-15 02:00:00+00:00,59.25
2018-12-15 03:00:00+00:00,59.25
2018-12-15 04:00:00+00:00,59.25
2018-12-15 05:00:00+00:00,63.1
2018-12-15 06:00:00+00:00,69.25
2018-12-15 07:00:00+00:00,71.7
2018-12-15 08:00:00+00:00,71.75
2018-12-15 09:00:00+00:00,70.9
2018-12-15 10:00:00+00:00,68.94
2018-12-15 11:00:00+00:00,67.56
2018-12-15 12:00:00+00:00,63.22
2018-12-15 13:00:00+00:00,61.97
2018-12-15 14:00:00+00:00,62.47
2018-12-15 15:00:00+00:00,67.44
2018-12-15 16:00:00+00:00,71.1
2018-12-15 17:00:00+00:00,70.1
2018-12-15 18:00:00+00:00,69.44
2018-12-15 19:00:00+00:00,67.0
2018-12-15 20:00:00+00:00,61.03
2018-12-15 21:00:00+00:00,60.47
2018-12-15 22:00:00+00:00,59.4
2019-01-13 23:00:00+00:00,53.06
2019-01-14 00:00:00+00:00,49.12
2019-01-14 01:00:00+00:00,40.0
2019-01-14 02:00:00+00:00,40.0
2019-01-14 03:00:00+00:00,39.75
2019-01-14 04:00:00+00:00,47.38
2019-01-14 05:00:00+00:00,61.12
2019-01-14 06:00:00+00:00,67.06
2019-01-14 07:00:00+00:00,74.3
2019-01-14 08:00:00+00:00,77.7
2019-01-14 09:00:00+00:00,76.2
2019-01-14 10:00:00+00:00,74.06
2019-01-14 11:00:00+00:00,67.8
2019-01-14 12:00:00+00:00,66.56
2019-01-14 13:00:00+00:00,69.0
2019-01-14 14:00:00+00:00,74.06
2019-01-14 15:00:00+00:00,77.7
2019-01-14 16:00:00+00:00,87.0
2019-01-14 17:00:00+00:00,78.2
2019-01-14 18:00:00+00:00,77.6
2019-01-14 19:00:00+00:00,71.8
2019-01-14 20:00:00+00:00,66.56
2019-01-14 21:00:00+00:00,63.53
2019-01-14 22:00:00+00:00,59.44
2019-02-12 23:00:00+00:00,47.0
2019-02-13 00:00:00+00:00,44.62
2019-02-13 01:00:00+00:00,41.28
2019-02-13 02:00:00+00:00,41.16
2019-02-13 03:00:00+00:00,40.0
2019-02-13 04:00:00+00:00,46.12
2019-02-13 05:00:00+00:00,55.62
2019-02-13 06:00:00+00:00,61.2
2019-02-13 07:00:00+00:00,67.0
2019-02-13 08:00:00+00:00,62.9
2019-02-13 09:00:00+00:00,58.22
2019-02-13 10:00:00+00:00,54.4
2019-02-13 11:00:00+00:00,51.03
2019-02-13 12:00:00+00:00,49.4
2019-02-13 13:00:00+00:00,51.5
2019-02-13 14:00:00+00:00,55.0
2019-02-13 15:00:00+00:00,58.7
2019-02-13 16:00:00+00:00,67.0
2019-02-13 17:00:00+00:00,80.0
2019-02-13 18:00:00+00:00,76.0
2019-02-13 19:00:00+00:00,62.53
2019-02-13 20:00:00+00:00,58.22
2019-02-13 21:00:00+00:00,53.66
2019-02-13 22:00:00+00:00,49.03
2019-03-14 23:00:00+00:00,52.2
2019-03-15 00:00:00+00:00,50.56
2019-03-15 01:00:00+00:00,46.3
2019-03-15 02:00:00+00:00,45.88
2019-03-15 03:00:00+00:00,46.38
2019-03-15 04:00:00+00:00,52.03
2019-03-15 05:00:00+00:00,60.66
2019-03-15 06:00:00+00:00,65.0
2019-03-15 07:00:00+00:00,71.06
2019-03-15 08:00:00+00:00,62.25
2019-03-15 09:00:00+00:00,56.1
2019-03-15 10:00:00+00:00,52.3
2019-03-15 11:00:00+00:00,47.84
2019-03-15 12:00:00+00:00,47.78
2019-03-15 13:00:00+00:00,52.2
2019-03-15 14:00:00+00:00,57.12
2019-03-15 15:00:00+00:00,63.7
2019-03-15 16:00:00+00:00,72.6
2019-03-15 17:00:00+00:00,73.1
2019-03-15 18:00:00+00:00,75.75
2019-03-15 19:00:00+00:00,72.6
2019-03-15 20:00:00+00:00,64.9
2019-03-15 21:00:00+00:00,56.1
2019-03-15 22:00:00+00:00,50.0
2019-04-13 23:00:00+00:00,54.12
2019-04-14 00:00:00+00:00,53.62
2019-04-14 01:00:00+00:00,52.8
2019-04-14 02:00:00+00:00,52.8
2019-04-14 03:00:00+00:00,52.8
2019-04-14 04:00:00+00:00,53.97
2019-04-14 05:00:00+00:00,53.97
2019-04-14 06:00:00+00:00,53.97
2019-04-14 07:00:00+00:00,57.62
2019-04-14 08:00:00+00:00,61.88
2019-04-14 09:00:00+00:00,59.88
2019-04-14 10:00:00+00:00,58.94
2019-04-14 11:00:00+00:00,54.88
2019-04-14 12:00:00+00:00,53.62
2019-04-14 13:00:00+00:00,53.97
2019-04-14 14:00:00+00:00,54.88
2019-04-14 15:00:00+00:00,54.3
2019-04-14 16:00:00+00:00,55.25
2019-04-14 17:00:00+00:00,58.12
2019-04-14 18:00:00+00:00,62.0
2019-04-14 19:00:00+00:00,58.72
2019-04-14 20:00:00+00:00,57.4
2019-04-14 21:00:00+00:00,52.8
2019-04-14 22:00:00+00:00,53.97
2019-05-13 23:00:00+00:00,51.44
2019-05-14 00:00:00+00:00,50.2
2019-05-14 01:00:00+00:00,50.0
2019-05-14 02:00:00+00:00,47.84
2019-05-14 03:00:00+00:00,50.22
2019-05-14 04:00:00+00:00,52.56
2019-05-14 05:00:00+00:00,57.6
2019-05-14 06:00:00+00:00,58.38
2019-05-14 07:00:00+00:00,57.56
2019-05-14 08:00:00+00:00,56.2
2019-05-14 09:00:00+00:00,55.06
2019-05-14 10:00:00+00:00,51.0
2019-05-14 11:00:00+00:00,50.8
2019-05-14 12:00:00+00:00,53.6
2019-05-14 13:00:00+00:00,52.3
2019-05-14 14:00:00+00:00,54.12
2019-05-14 15:00:00+00:00,54.97
2019-05-14 16:00:00+00:00,55.62
2019-05-14 17:00:00+00:00,57.56
2019-05-14 18:00:00+00:00,57.6
2019-05-14 19:00:00+00:00,57.56
2019-05-14 20:00:00+00:00,53.22
2019-05-14 21:00:00+00:00,49.25
2019-05-14 22:00:00+00:00,50.78
2019-06-12 23:00:00+00:00,30.02
2019-06-13 00:00:00+00:00,30.0
2019-06-13 01:00:00+00:00,28.34
2019-06-13 02:00:00+00:00,28.31
2019-06-13 03:00:00+00:00,30.0
2019-06-13 04:00:00+00:00,42.56
2019-06-13 05:00:00+00:00,50.78
2019-06-13 06:00:00+00:00,58.28
2019-06-13 07:00:00+00:00,55.94
2019-06-13 08:00:00+00:00,52.1
2019-06-13 09:00:00+00:00,50.7
2019-06-13 10:00:00+00:00,44.72
2019-06-13 11:00:00+00:00,44.88
2019-06-13 12:00:00+00:00,51.7
2019-06-13 13:00:00+00:00,52.6
2019-06-13 14:00:00+00:00,58.28
2019-06-13 15:00:00+00:00,55.78
2019-06-13 16:00:00+00:00,55.84
2019-06-13 17:00:00+00:00,59.9
2019-06-13 18:00:00+00:00,59.97
2019-06-13 19:00:00+00:00,56.28
2019-06-13 20:00:00+00:00,47.56
2019-06-13 21:00:00+00:00,41.88
2019-06-13 22:00:00+00:00,33.44
2019-07-12 23:00:00+00:00,49.66
2019-07-13 00:00:00+00:00,44.0
2019-07-13 01:00:00+00:00,46.0
2019-07-13 02:00:00+00:00,44.0
2019-07-13 03:00:00+00:00,41.0
2019-07-13 04:00:00+00:00,43.3
2019-07-13 05:00:00+00:00,47.3
2019-07-13 06:00:00+00:00,48.0
2019-07-13 07:00:00+00:00,48.0
2019-07-13 08:00:00+00:00,45.25
2019-07-13 09:00:00+00:00,42.2
2019-07-13 10:00:00+00:00,41.28
2019-07-13 11:00:00+00:00,40.0
2019-07-13 12:00:00+00:00,39.78
2019-07-13 13:00:00+00:00,39.9
2019-07-13 14:00:00+00:00,40.16
2019-07-13 15:00:00+00:00,42.12
2019-07-13 16:00:00+00:00,44.53
2019-07-13 17:00:00+00:00,48.75
2019-07-13 18:00:00+00:00,48.0
2019-07-13 19:00:00+00:00,51.0
2019-07-13 20:00:00+00:00,46.84
2019-07-13 21:00:00+00:00,42.72
2019-07-13 22:00:00+00:00,40.5
2019-08-11 23:00:00+00:00,41.0
2019-08-12 00:00:00+00:00,39.94
2019-08-12 01:00:00+00:00,39.94
2019-08-12 02:00:00+00:00,38.38
2019-08-12 03:00:00+00:00,39.0
2019-08-12 04:00:00+00:00,44.0
2019-08-12 05:00:00+00:00,45.5
2019-08-12 06:00:00+00:00,46.0
2019-08-12 07:00:00+00:00,48.0
2019-08-12 08:00:00+00:00,47.0
2019-08-12 09:00:00+00:00,45.0
2019-08-12 10:00:00+00:00,45.0
2019-08-12 11:00:00+00:00,46.5
2019-08-12 12:00:00+00:00,50.0
2019-08-12 13:00:00+00:00,57.44
2019-08-12 14:00:00+00:00,60.6
2019-08-12 15:00:00+00:00,62.3
2019-08-12 16:00:00+00:00,65.0
2019-08-12 17:00:00+00:00,58.3
2019-08-12 18:00:00+00:00,58.3
2019-08-12 19:00:00+00:00,60.6
2019-08-12 20:00:00+00:00,50.0
2019-08-12 21:00:00+00:00,45.22
2019-08-12 22:00:00+00:00,44.0
2019-09-10 23:00:00+00:00,43.0
2019-09-11 00:00:00+00:00,41.8
2019-09-11 01:00:00+00:00,41.62
2019-09-11 02:00:00+00:00,41.8
2019-09-11 03:00:00+00:00,42.0
2019-09-11 04:00:00+00:00,47.5
2019-09-11 05:00:00+00:00,52.0
2019-09-11 06:00:00+00:00,54.0
2019-09-11 07:00:00+00:00,52.38
2019-09-11 08:00:00+00:00,47.6
2019-09-11 09:00:00+00:00,45.0
2019-09-11 10:00:00+00:00,42.47
2019-09-11 11:00:00+00:00,42.38
2019-09-11 12:00:00+00:00,44.5
2019-09-11 13:00:00+00:00,48.0
2019-09-11 14:00:00+00:00,53.62
2019-09-11 15:00:00+00:00,53.94
2019-09-11 16:00:00+00:00,55.0
2019-09-11 17:00:00+00:00,55.0
2019-09-11 18:00:00+00:00,55.66
2019-09-11 19:00:00+00:00,50.25
2019-09-11 20:00:00+00:00,46.16
2019-09-11 21:00:00+00:00,45.0
2019-09-11 22:00:00+00:00,45.66
2019-10-10 23:00:00+00:00,45.0
2019-10-11 00:00:00+00:00,44.62
2019-10-11 01:00:00+00:00,44.62
2019-10-11 02:00:00+00:00,44.78
2019-10-11 03:00:00+00:00,48.34
2019-10-11 04:00:00+00:00,68.6
2019-10-11 05:00:00+00:00,70.6
2019-10-11 06:00:00+00:00,75.1
2019-10-11 07:00:00+00:00,70.0
2019-10-11 08:00:00+00:00,70.44
2019-10-11 09:00:00+00:00,65.75
2019-10-11 10:00:00+00:00,46.8
2019-10-11 11:00:00+00:00,44.8
2019-10-11 12:00:00+00:00,58.8
2019-10-11 13:00:00+00:00,70.0
2019-10-11 14:00:00+00:00,70.0
2019-10-11 15:00:00+00:00,70.6
2019-10-11 16:00:00+00:00,70.9
2019-10-11 17:00:00+00:00,75.25
2019-10-11 18:00:00+00:00,70.9
2019-10-11 19:00:00+00:00,66.94
2019-10-11 20:00:00+00:00,49.66
2019-10-11 21:00:00+00:00,47.53
2019-10-11 22:00:00+00:00,57.88
2019-11-09 23:00:00+00:00,37.56
2019-11-10 00:00:00+00:00,35.3
2019-11-10 01:00:00+00:00,35.12
2019-11-10 02:00:00+00:00,34.22
2019-11-10 03:00:00+00:00,33.88
2019-11-10 04:00:00+00:00,35.0
2019-11-10 05:00:00+00:00,35.6
2019-11-10 06:00:00+00:00,37.53
2019-11-10 07:00:00+00:00,37.53
2019-11-10 08:00:00+00:00,39.12
2019-11-10 09:00:00+00:00,38.4
2019-11-10 10:00:00+00:00,38.84
2019-11-10 11:00:00+00:00,40.1
2019-11-10 12:00:00+00:00,37.8
2019-11-10 13:00:00+00:00,39.7
2019-11-10 14:00:00+00:00,41.34
2019-11-10 15:00:00+00:00,46.4
2019-11-10 16:00:00+00:00,52.16
2019-11-10 17:00:00+00:00,53.1
2019-11-10 18:00:00+00:00,52.5
2019-11-10 19:00:00+00:00,51.0
2019-11-10 20:00:00+00:00,47.0
2019-11-10 21:00:00+00:00,44.38
2019-11-10 22:00:00+00:00,41.16
2019-12-09 23:00:00+00:00,42.66
2019-12-10 00:00:00+00:00,39.5
2019-12-10 01:00:00+00:00,37.0
2019-12-10 02:00:00+00:00,35.4
2019-12-10 03:00:00+00:00,35.44
2019-12-10 04:00:00+00:00,40.0
2019-12-10 05:00:00+00:00,46.53
2019-12-10 06:00:00+00:00,53.88
2019-12-10 07:00:00+00:00,56.38
2019-12-10 08:00:00+00:00,54.94
2019-12-10 09:00:00+00:00,51.0
2019-12-10 10:00:00+00:00,49.9
2019-12-10 11:00:00+00:00,47.34
2019-12-10 12:00:00+00:00,47.0
2019-12-10 13:00:00+00:00,48.0
2019-12-10 14:00:00+00:00,50.16
2019-12-10 15:00:00+00:00,55.0
2019-12-10 16:00:00+00:00,55.38
2019-12-10 17:00:00+00:00,53.47
2019-12-10 18:00:00+00:00,53.16
2019-12-10 19:00:00+00:00,50.03
2019-12-10 20:00:00+00:00,46.0
2019-12-10 21:00:00+00:00,43.44
2019-12-10 22:00:00+00:00,40.12
2020-01-08 23:00:00+00:00,44.6
2020-01-09 00:00:00+00:00,43.0
2020-01-09 01:00:00+00:00,41.2
2020-01-09 02:00:00+00:00,41.34
2020-01-09 03:00:00+00:00,42.75
2020-01-09 04:00:00+00:00,44.4
2020-01-09 05:00:00+00:00,49.5
2020-01-09 06:00:00+00:00,61.44
2020-01-09 07:00:00+00:00,62.0
2020-01-09 08:00:00+00:00,63.62
2020-01-09 09:00:00+00:00,58.0
2020-01-09 10:00:00+00:00,50.0
2020-01-09 11:00:00+00:00,47.0
2020-01-09 12:00:00+00:00,47.0
2020-01-09 13:00:00+00:00,50.0
2020-01-09 14:00:00+00:00,58.47
2020-01-09 15:00:00+00:00,67.75
2020-01-09 16:00:00+00:00,75.06
2020-01-09 17:00:00+00:00,71.0
2020-01-09 18:00:00+00:00,58.47
2020-01-09 19:00:00+00:00,51.0
2020-01-09 20:00:00+00:00,50.0
2020-01-09 21:00:00+00:00,46.5
2020-01-09 22:00:00+00:00,44.78
2020-02-07 23:00:00+00:00,38.22
2020-02-08 00:00:00+00:00,36.16
2020-02-08 01:00:00+00:00,35.88
2020-02-08 02:00:00+00:00,35.8
2020-02-08 03:00:00+00:00,35.22
2020-02-08 04:00:00+00:00,36.03
2020-02-08 05:00:00+00:00,38.84
2020-02-08 06:00:00+00:00,43.94
2020-02-08 07:00:00+00:00,43.94
2020-02-08 08:00:00+00:00,42.56
2020-02-08 09:00:00+00:00,38.78
2020-02-08 10:00:00+00:00,36.0
2020-02-08 11:00:00+00:00,33.12
2020-02-08 12:00:00+00:00,31.77
2020-02-08 13:00:00+00:00,32.16
2020-02-08 14:00:00+00:00,35.38
2020-02-08 15:00:00+00:00,39.0
2020-02-08 16:00:00+00:00,42.56
2020-02-08 17:00:00+00:00,47.0
2020-02-08 18:00:00+00:00,46.7
2020-02-08 19:00:00+00:00,42.84
2020-02-08 20:00:00+00:00,40.44
2020-02-08 21:00:00+00:00,38.75
2020-02-08 22:00:00+00:00,35.22
2020-03-08 23:00:00+00:00,31.89
2020-03-09 00:00:00+00:00,30.72
2020-03-09 01:00:00+00:00,29.84
2020-03-09 02:00:00+00:00,29.62
2020-03-09 03:00:00+00:00,29.9
2020-03-09 04:00:00+00:00,35.0
2020-03-09 05:00:00+00:00,40.0
2020-03-09 06:00:00+00:00,47.0
2020-03-09 07:00:00+00:00,50.28
2020-03-09 08:00:00+00:00,50.0
2020-03-09 09:00:00+00:00,45.0
2020-03-09 10:00:00+00:00,45.0
2020-03-09 11:00:00+00:00,42.0
2020-03-09 12:00:00+00:00,42.0
2020-03-09 13:00:00+00:00,44.0
2020-03-09 14:00:00+00:00,47.4
2020-03-09 15:00:00+00:00,50.0
2020-03-09 16:00:00+00:00,53.7
2020-03-09 17:00:00+00:00,63.34
2020-03-09 18:00:00+00:00,66.0
2020-03-09 19:00:00+00:00,54.7
2020-03-09 20:00:00+00:00,45.0
2020-03-09 21:00:00+00:00,40.1
2020-03-09 22:00:00+00:00,37.06
2020-04-07 23:00:00+00:00,25.0
2020-04-08 00:00:00+00:00,23.0
2020-04-08 01:00:00+00:00,23.0
2020-04-08 02:00:00+00:00,23.0
2020-04-08 03:00:00+00:00,26.47
2020-04-08 04:00:00+00:00,29.33
2020-04-08 05:00:00+00:00,31.14
2020-04-08 06:00:00+00:00,29.98
2020-04-08 07:00:00+00:00,28.88
2020-04-08 08:00:00+00:00,24.69
2020-04-08 09:00:00+00:00,21.69
2020-04-08 10:00:00+00:00,19.08
2020-04-08 11:00:00+00:00,17.17
2020-04-08 12:00:00+00:00,17.56
2020-04-08 13:00:00+00:00,19.55
2020-04-08 14:00:00+00:00,23.0
2020-04-08 15:00:00+00:00,27.28
2020-04-08 16:00:00+00:00,30.89
2020-04-08 17:00:00+00:00,42.2
2020-04-08 18:00:00+00:00,45.38
2020-04-08 19:00:00+00:00,36.75
2020-04-08 20:00:00+00:00,29.95
2020-04-08 21:00:00+00:00,27.34
2020-04-08 22:00:00+00:00,26.2
2020-05-07 23:00:00+00:00,20.39
2020-05-08 00:00:00+00:00,19.2
2020-05-08 01:00:00+00:00,18.84
2020-05-08 02:00:00+00:00,18.02
2020-05-08 03:00:00+00:00,19.31
2020-05-08 04:00:00+00:00,23.55
2020-05-08 05:00:00+00:00,25.56
2020-05-08 06:00:00+00:00,26.44
2020-05-08 07:00:00+00:00,23.86
2020-05-08 08:00:00+00:00,20.34
2020-05-08 09:00:00+00:00,19.03
2020-05-08 10:00:00+00:00,17.89
2020-05-08 11:00:00+00:00,16.34
2020-05-08 12:00:00+00:00,17.0
2020-05-08 13:00:00+00:00,18.78
2020-05-08 14:00:00+00:00,20.06
2020-05-08 15:00:00+00:00,24.5
2020-05-08 16:00:00+00:00,26.0
2020-05-08 17:00:00+00:00,30.0
2020-05-08 18:00:00+00:00,30.64
2020-05-08 19:00:00+00:00,28.52
2020-05-08 20:00:00+00:00,26.12
2020-05-08 21:00:00+00:00,24.9
2020-05-08 22:00:00+00:00,26.66
2020-06-06 23:00:00+00:00,22.02
2020-06-07 00:00:00+00:00,21.66
2020-06-07 01:00:00+00:00,21.3
2020-06-07 02:00:00+00:00,21.81
2020-06-07 03:00:00+00:00,21.02
2020-06-07 04:00:00+00:00,17.56
2020-06-07 05:00:00+00:00,18.0
2020-06-07 06:00:00+00:00,16.0
2020-06-07 07:00:00+00:00,16.0
2020-06-07 08:00:00+00:00,15.7
2020-06-07 09:00:00+00:00,16.06
2020-06-07 10:00:00+00:00,16.94
2020-06-07 11:00:00+00:00,13.37
2020-06-07 12:00:00+00:00,10.76
2020-06-07 13:00:00+00:00,10.64
2020-06-07 14:00:00+00:00,14.19
2020-06-07 15:00:00+00:00,18.17
2020-06-07 16:00:00+00:00,21.06
2020-06-07 17:00:00+00:00,22.34
2020-06-07 18:00:00+00:00,25.23
2020-06-07 19:00:00+00:00,28.31
2020-06-07 20:00:00+00:00,32.1
2020-06-07 21:00:00+00:00,28.06
2020-06-07 22:00:00+00:00,26.0
2020-07-06 23:00:00+00:00,28.55
2020-07-07 00:00:00+00:00,27.95
2020-07-07 01:00:00+00:00,27.3
2020-07-07 02:00:00+00:00,27.16
2020-07-07 03:00:00+00:00,27.9
2020-07-07 04:00:00+00:00,33.84
2020-07-07 05:00:00+00:00,37.66
2020-07-07 06:00:00+00:00,37.2
2020-07-07 07:00:00+00:00,35.9
2020-07-07 08:00:00+00:00,34.22
2020-07-07 09:00:00+00:00,35.38
2020-07-07 10:00:00+00:00,31.3
2020-07-07 11:00:00+00:00,31.02
2020-07-07 12:00:00+00:00,33.97
2020-07-07 13:00:00+00:00,34.0
2020-07-07 14:00:00+00:00,34.0
2020-07-07 15:00:00+00:00,35.66
2020-07-07 16:00:00+00:00,38.53
2020-07-07 17:00:00+00:00,40.84
2020-07-07 18:00:00+00:00,40.84
2020-07-07 19:00:00+00:00,40.1
2020-07-07 20:00:00+00:00,40.16
2020-07-07 21:00:00+00:00,37.0
2020-07-07 22:00:00+00:00,36.3
2020-08-05 23:00:00+00:00,31.73
2020-08-06 00:00:00+00:00,30.86
2020-08-06 01:00:00+00:00,28.0
2020-08-06 02:00:00+00:00,27.6
2020-08-06 03:00:00+00:00,28.03
2020-08-06 04:00:00+00:00,32.0
2020-08-06 05:00:00+00:00,36.97
2020-08-06 06:00:00+00:00,38.44
2020-08-06 07:00:00+00:00,37.56
2020-08-06 08:00:00+00:00,36.9
2020-08-06 09:00:00+00:00,36.6
2020-08-06 10:00:00+00:00,36.0
2020-08-06 11:00:00+00:00,35.25
2020-08-06 12:00:00+00:00,36.25
2020-08-06 13:00:00+00:00,36.0
2020-08-06 14:00:00+00:00,36.2
2020-08-06 15:00:00+00:00,39.7
2020-08-06 16:00:00+00:00,43.38
2020-08-06 17:00:00+00:00,53.97
2020-08-06 18:00:00+00:00,49.22
2020-08-06 19:00:00+00:00,43.38
2020-08-06 20:00:00+00:00,41.38
2020-08-06 21:00:00+00:00,37.0
2020-08-06 22:00:00+00:00,40.0
2020-09-04 23:00:00+00:00,37.0
2020-09-05 00:00:00+00:00,35.4
2020-09-05 01:00:00+00:00,35.06
2020-09-05 02:00:00+00:00,35.0
2020-09-05 03:00:00+00:00,35.4
2020-09-05 04:00:00+00:00,37.53
2020-09-05 05:00:00+00:00,38.0
2020-09-05 06:00:00+00:00,38.3
2020-09-05 07:00:00+00:00,37.56
2020-09-05 08:00:00+00:00,35.78
2020-09-05 09:00:00+00:00,34.9
2020-09-05 10:00:00+00:00,35.66
2020-09-05 11:00:00+00:00,34.88
2020-09-05 12:00:00+00:00,33.22
2020-09-05 13:00:00+00:00,30.5
2020-09-05 14:00:00+00:00,34.88
2020-09-05 15:00:00+00:00,36.8
2020-09-05 16:00:00+00:00,40.2
2020-09-05 17:00:00+00:00,46.16
2020-09-05 18:00:00+00:00,48.1
2020-09-05 19:00:00+00:00,43.2
2020-09-05 20:00:00+00:00,40.0
2020-09-05 21:00:00+00:00,36.75
2020-09-05 22:00:00+00:00,34.03
2020-10-04 23:00:00+00:00,11.88
2020-10-05 00:00:00+00:00,6.0
2020-10-05 01:00:00+00:00,6.23
2020-10-05 02:00:00+00:00,8.0
2020-10-05 03:00:00+00:00,20.0
2020-10-05 04:00:00+00:00,35.06
2020-10-05 05:00:00+00:00,44.4
2020-10-05 06:00:00+00:00,47.03
2020-10-05 07:00:00+00:00,46.5
2020-10-05 08:00:00+00:00,43.1
2020-10-05 09:00:00+00:00,39.84
2020-10-05 10:00:00+00:00,38.06
2020-10-05 11:00:00+00:00,36.3
2020-10-05 12:00:00+00:00,39.9
2020-10-05 13:00:00+00:00,43.1
2020-10-05 14:00:00+00:00,44.75
2020-10-05 15:00:00+00:00,47.0
2020-10-05 16:00:00+00:00,50.0
2020-10-05 17:00:00+00:00,55.28
2020-10-05 18:00:00+00:00,53.28
2020-10-05 19:00:00+00:00,39.5
2020-10-05 20:00:00+00:00,35.34
2020-10-05 21:00:00+00:00,33.4
2020-10-05 22:00:00+00:00,29.98
2020-11-03 23:00:00+00:00,35.4
2020-11-04 00:00:00+00:00,34.72
2020-11-04 01:00:00+00:00,33.5
2020-11-04 02:00:00+00:00,29.8
2020-11-04 03:00:00+00:00,30.27
2020-11-04 04:00:00+00:00,33.5
2020-11-04 05:00:00+00:00,41.28
2020-11-04 06:00:00+00:00,46.62
2020-11-04 07:00:00+00:00,50.25
2020-11-04 08:00:00+00:00,50.0
2020-11-04 09:00:00+00:00,48.0
2020-11-04 10:00:00+00:00,46.72
2020-11-04 11:00:00+00:00,44.16
2020-11-04 12:00:00+00:00,43.94
2020-11-04 13:00:00+00:00,45.88
2020-11-04 14:00:00+00:00,47.12
2020-11-04 15:00:00+00:00,48.62
2020-11-04 16:00:00+00:00,57.5
2020-11-04 17:00:00+00:00,60.12
2020-11-04 18:00:00+00:00,50.88
2020-11-04 19:00:00+00:00,45.88
2020-11-04 20:00:00+00:00,43.03
2020-11-04 21:00:00+00:00,39.12
2020-11-04 22:00:00+00:00,37.4
2020-12-03 23:00:00+00:00,45.8
2020-12-04 00:00:00+00:00,42.88
2020-12-04 01:00:00+00:00,41.97
2020-12-04 02:00:00+00:00,40.88
2020-12-04 03:00:00+00:00,41.1
2020-12-04 04:00:00+00:00,45.3
2020-12-04 05:00:00+00:00,52.5
2020-12-04 06:00:00+00:00,64.6
2020-12-04 07:00:00+00:00,84.2
2020-12-04 08:00:00+00:00,80.0
2020-12-04 09:00:00+00:00,77.8
2020-12-04 10:00:00+00:00,70.1
2020-12-04 11:00:00+00:00,64.6
2020-12-04 12:00:00+00:00,64.6
2020-12-04 13:00:00+00:00,67.5
2020-12-04 14:00:00+00:00,69.56
2020-12-04 15:00:00+00:00,70.0
2020-12-04 16:00:00+00:00,74.56
2020-12-04 17:00:00+00:00,66.1
2020-12-04 18:00:00+00:00,62.44
2020-12-04 19:00:00+00:00,58.3
2020-12-04 20:00:00+00:00,52.28
2020-12-04 21:00:00+00:00,50.25
2020-12-04 22:00:00+00:00,47.34
2021-01-02 23:00:00+00:00,46.12
2021-01-03 00:00:00+00:00,43.0
2021-01-03 01:00:00+00:00,39.56
2021-01-03 02:00:00+00:00,37.44
2021-01-03 03:00:00+00:00,35.62
2021-01-03 04:00:00+00:00,35.5
2021-01-03 05:00:00+00:00,36.12
2021-01-03 06:00:00+00:00,36.97
2021-01-03 07:00:00+00:00,41.06
2021-01-03 08:00:00+00:00,44.5
2021-01-03 09:00:00+00:00,49.0
2021-01-03 10:00:00+00:00,50.3
2021-01-03 11:00:00+00:00,52.03
2021-01-03 12:00:00+00:00,46.62
2021-01-03 13:00:00+00:00,44.0
2021-01-03 14:00:00+00:00,45.53
2021-01-03 15:00:00+00:00,49.9
2021-01-03 16:00:00+00:00,58.0
2021-01-03 17:00:00+00:00,59.5
2021-01-03 18:00:00+00:00,61.1
2021-01-03 19:00:00+00:00,60.0
2021-01-03 20:00:00+00:00,59.4
2021-01-03 21:00:00+00:00,55.38
2021-01-03 22:00:00+00:00,53.06
2021-02-01 23:00:00+00:00,48.06
2021-02-02 00:00:00+00:00,45.06
2021-02-02 01:00:00+00:00,43.6
2021-02-02 02:00:00+00:00,41.9
2021-02-02 03:00:00+00:00,40.8
2021-02-02 04:00:00+00:00,46.72
2021-02-02 05:00:00+00:00,59.1
2021-02-02 06:00:00+00:00,65.94
2021-02-02 07:00:00+00:00,76.25
2021-02-02 08:00:00+00:00,69.25
2021-02-02 09:00:00+00:00,65.0
2021-02-02 10:00:00+00:00,64.1
2021-02-02 11:00:00+00:00,60.16
2021-02-02 12:00:00+00:00,59.22
2021-02-02 13:00:00+00:00,60.4
2021-02-02 14:00:00+00:00,60.44
2021-02-02 15:00:00+00:00,62.12
2021-02-02 16:00:00+00:00,71.44
2021-02-02 17:00:00+00:00,74.0
2021-02-02 18:00:00+00:00,70.3
2021-02-02 19:00:00+00:00,65.0
2021-02-02 20:00:00+00:00,60.28
2021-02-02 21:00:00+00:00,55.84
2021-02-02 22:00:00+00:00,50.0
2021-03-03 23:00:00+00:00,54.2
2021-03-04 00:00:00+00:00,51.44
2021-03-04 01:00:00+00:00,49.88
2021-03-04 02:00:00+00:00,51.12
2021-03-04 03:00:00+00:00,50.25
2021-03-04 04:00:00+00:00,54.0
2021-03-04 05:00:00+00:00,74.44
2021-03-04 06:00:00+00:00,77.0
2021-03-04 07:00:00+00:00,79.0
2021-03-04 08:00:00+00:00,67.1
2021-03-04 09:00:00+00:00,60.06
2021-03-04 10:00:00+00:00,56.44
2021-03-04 11:00:00+00:00,55.0
2021-03-04 12:00:00+00:00,53.97
2021-03-04 13:00:00+00:00,53.22
2021-03-04 14:00:00+00:00,54.9
2021-03-04 15:00:00+00:00,58.06
2021-03-04 16:00:00+00:00,66.0
2021-03-04 17:00:00+00:00,85.75
2021-03-04 18:00:00+00:00,88.1
2021-03-04 19:00:00+00:00,75.0
2021-03-04 20:00:00+00:00,57.2
2021-03-04 21:00:00+00:00,53.2
2021-03-04 22:00:00+00:00,51.1
2021-04-02 23:00:00+00:00,50.97
2021-04-03 00:00:00+00:00,47.0
2021-04-03 01:00:00+00:00,42.9
2021-04-03 02:00:00+00:00,41.1
2021-04-03 03:00:00+00:00,49.62
2021-04-03 04:00:00+00:00,57.0
2021-04-03 05:00:00+00:00,54.78
2021-04-03 06:00:00+00:00,60.0
2021-04-03 07:00:00+00:00,63.3
2021-04-03 08:00:00+00:00,60.38
2021-04-03 09:00:00+00:00,55.0
2021-04-03 10:00:00+00:00,53.03
2021-04-03 11:00:00+00:00,42.2
2021-04-03 12:00:00+00:00,48.53
2021-04-03 13:00:00+00:00,52.72
2021-04-03 14:00:00+00:00,57.06
2021-04-03 15:00:00+00:00,63.75
2021-04-03 16:00:00+00:00,70.06
2021-04-03 17:00:00+00:00,87.1
2021-04-03 18:00:00+00:00,92.1
2021-04-03 19:00:00+00:00,74.3
2021-04-03 20:00:00+00:00,66.5
2021-04-03 21:00:00+00:00,63.75
2021-04-03 22:00:00+00:00,50.12
2021-05-02 23:00:00+00:00,54.62
2021-05-03 00:00:00+00:00,54.28
2021-05-03 01:00:00+00:00,52.5
2021-05-03 02:00:00+00:00,55.84
2021-05-03 03:00:00+00:00,61.38
2021-05-03 04:00:00+00:00,74.75
2021-05-03 05:00:00+00:00,86.44
2021-05-03 06:00:00+00:00,87.94
2021-05-03 07:00:00+00:00,83.56
2021-05-03 08:00:00+00:00,79.0
2021-05-03 09:00:00+00:00,76.4
2021-05-03 10:00:00+00:00,69.75
2021-05-03 11:00:00+00:00,65.56
2021-05-03 12:00:00+00:00,70.0
2021-05-03 13:00:00+00:00,71.5
2021-05-03 14:00:00+00:00,71.75
2021-05-03 15:00:00+00:00,75.9
2021-05-03 16:00:00+00:00,76.44
2021-05-03 17:00:00+00:00,82.7
2021-05-03 18:00:00+00:00,87.0
2021-05-03 19:00:00+00:00,79.0
2021-05-03 20:00:00+00:00,75.0
2021-05-03 21:00:00+00:00,69.5
2021-05-03 22:00:00+00:00,69.8
2021-06-01 23:00:00+00:00,61.38
2021-06-02 00:00:00+00:00,59.2
2021-06-02 01:00:00+00:00,60.0
2021-06-02 02:00:00+00:00,58.72
2021-06-02 03:00:00+00:00,63.72
2021-06-02 04:00:00+00:00,67.0
2021-06-02 05:00:00+00:00,79.4
2021-06-02 06:00:00+00:00,79.0
2021-06-02 07:00:00+00:00,72.3
2021-06-02 08:00:00+00:00,62.44
2021-06-02 09:00:00+00:00,57.3
2021-06-02 10:00:00+00:00,60.0
2021-06-02 11:00:00+00:00,55.84
2021-06-02 12:00:00+00:00,53.84
2021-06-02 13:00:00+00:00,57.3
2021-06-02 14:00:00+00:00,58.1
2021-06-02 15:00:00+00:00,67.44
2021-06-02 16:00:00+00:00,78.5
2021-06-02 17:00:00+00:00,83.3
2021-06-02 18:00:00+00:00,82.1
2021-06-02 19:00:00+00:00,78.2
2021-06-02 20:00:00+00:00,73.94
2021-06-02 21:00:00+00:00,66.5
2021-06-02 22:00:00+00:00,59.53
2021-07-01 23:00:00+00:00,98.7
2021-07-02 00:00:00+00:00,96.6
2021-07-02 01:00:00+00:00,94.44
2021-07-02 02:00:00+00:00,92.2
2021-07-02 03:00:00+00:00,94.3
2021-07-02 04:00:00+00:00,102.0
2021-07-02 05:00:00+00:00,111.56
2021-07-02 06:00:00+00:00,122.0
2021-07-02 07:00:00+00:00,120.0
2021-07-02 08:00:00+00:00,119.8
2021-07-02 09:00:00+00:00,119.8
2021-07-02 10:00:00+00:00,106.0
2021-07-02 11:00:00+00:00,106.0
2021-07-02 12:00:00+00:00,109.2
2021-07-02 13:00:00+00:00,110.0
2021-07-02 14:00:00+00:00,119.8
2021-07-02 15:00:00+00:00,119.8
2021-07-02 16:00:00+00:00,119.94
2021-07-02 17:00:00+00:00,123.1
2021-07-02 18:00:00+00:00,120.3
2021-07-02 19:00:00+00:00,119.94
2021-07-02 20:00:00+00:00,105.0
2021-07-02 21:00:00+00:00,102.75
2021-07-02 22:00:00+00:00,112.06
2021-07-31 23:00:00+00:00,82.25
2021-08-01 00:00:00+00:00,64.06
2021-08-01 01:00:00+00:00,48.47
2021-08-01 02:00:00+00:00,48.16
2021-08-01 03:00:00+00:00,50.0
2021-08-01 04:00:00+00:00,48.62
2021-08-01 05:00:00+00:00,78.0
2021-08-01 06:00:00+00:00,77.7
2021-08-01 07:00:00+00:00,82.4
2021-08-01 08:00:00+00:00,78.75
2021-08-01 09:00:00+00:00,81.9
2021-08-01 10:00:00+00:00,81.56
2021-08-01 11:00:00+00:00,60.9
2021-08-01 12:00:00+00:00,50.06
2021-08-01 13:00:00+00:00,52.0
2021-08-01 14:00:00+00:00,78.0
2021-08-01 15:00:00+00:00,81.06
2021-08-01 16:00:00+00:00,93.6
2021-08-01 17:00:00+00:00,95.0
2021-08-01 18:00:00+00:00,97.7
2021-08-01 19:00:00+00:00,102.56
2021-08-01 20:00:00+00:00,99.7
2021-08-01 21:00:00+00:00,92.7
2021-08-01 22:00:00+00:00,88.1
2021-08-30 23:00:00+00:00,110.4
2021-08-31 00:00:00+00:00,109.44
2021-08-31 01:00:00+00:00,106.2
2021-08-31 02:00:00+00:00,108.2
2021-08-31 03:00:00+00:00,109.7
2021-08-31 04:00:00+00:00,121.0
2021-08-31 05:00:00+00:00,139.8
2021-08-31 06:00:00+00:00,139.2
2021-08-31 07:00:00+00:00,136.0
2021-08-31 08:00:00+00:00,130.0
2021-08-31 09:00:00+00:00,127.0
2021-08-31 10:00:00+00:00,122.9
2021-08-31 11:00:00+00:00,120.56
2021-08-31 12:00:00+00:00,125.0
2021-08-31 13:00:00+00:00,126.0
2021-08-31 14:00:00+00:00,127.0
2021-08-31 15:00:00+00:00,132.6
2021-08-31 16:00:00+00:00,131.5
2021-08-31 17:00:00+00:00,141.2
2021-08-31 18:00:00+00:00,141.5
2021-08-31 19:00:00+00:00,138.4
2021-08-31 20:00:00+00:00,134.0
2021-08-31 21:00:00+00:00,121.6
2021-08-31 22:00:00+00:00,129.2
2021-09-29 23:00:00+00:00,186.8
2021-09-30 00:00:00+00:00,179.2
2021-09-30 01:00:00+00:00,179.1
2021-09-30 02:00:00+00:00,185.0
2021-09-30 03:00:00+00:00,196.0
2021-09-30 04:00:00+00:00,213.6
2021-09-30 05:00:00+00:00,226.1
2021-09-30 06:00:00+00:00,250.0
2021-09-30 07:00:00+00:00,250.0
2021-09-30 08:00:00+00:00,227.6
2021-09-30 09:00:00+00:00,213.1
2021-09-30 10:00:00+00:00,192.2
2021-09-30 11:00:00+00:00,189.0
2021-09-30 12:00:00+00:00,197.5
2021-09-30 13:00:00+00:00,204.0
2021-09-30 14:00:00+00:00,211.1
2021-09-30 15:00:00+00:00,211.1
2021-09-30 16:00:00+00:00,222.9
2021-09-30 17:00:00+00:00,241.9
2021-09-30 18:00:00+00:00,224.2
2021-09-30 19:00:00+00:00,198.2
2021-09-30 20:00:00+00:00,196.0
2021-09-30 21:00:00+00:00,178.9
2021-09-30 22:00:00+00:00,190.4
2021-10-29 23:00:00+00:00,179.1
2021-10-30 00:00:00+00:00,179.1
2021-10-30 01:00:00+00:00,177.8
2021-10-30 02:00:00+00:00,177.0
2021-10-30 03:00:00+00:00,179.1
2021-10-30 04:00:00+00:00,180.1
2021-10-30 05:00:00+00:00,197.4
2021-10-30 06:00:00+00:00,211.0
2021-10-30 07:00:00+00:00,200.0
2021-10-30 08:00:00+00:00,179.1
2021-10-30 09:00:00+00:00,167.0
2021-10-30 10:00:00+00:00,160.5
2021-10-30 11:00:00+00:00,158.8
2021-10-30 12:00:00+00:00,158.0
2021-10-30 13:00:00+00:00,159.6
2021-10-30 14:00:00+00:00,176.2
2021-10-30 15:00:00+00:00,199.5
2021-10-30 16:00:00+00:00,228.6
2021-10-30 17:00:00+00:00,245.0
2021-10-30 18:00:00+00:00,226.5
2021-10-30 19:00:00+00:00,205.0
2021-10-30 20:00:00+00:00,179.1
2021-10-30 21:00:00+00:00,171.2
2021-10-30 22:00:00+00:00,202.4
2021-11-28 23:00:00+00:00,199.5
2021-11-29 00:00:00+00:00,192.5
2021-11-29 01:00:00+00:00,192.8
2021-11-29 02:00:00+00:00,185.1
2021-11-29 03:00:00+00:00,180.0
2021-11-29 04:00:00+00:00,198.0
2021-11-29 05:00:00+00:00,267.2
2021-11-29 06:00:00+00:00,350.0
2021-11-29 07:00:00+00:00,360.0
2021-11-29 08:00:00+00:00,361.0
2021-11-29 09:00:00+00:00,355.8
2021-11-29 10:00:00+00:00,355.0
2021-11-29 11:00:00+00:00,346.5
2021-11-29 12:00:00+00:00,329.2
2021-11-29 13:00:00+00:00,342.8
2021-11-29 14:00:00+00:00,352.0
2021-11-29 15:00:00+00:00,360.0
2021-11-29 16:00:00+00:00,421.8
2021-11-29 17:00:00+00:00,410.2
2021-11-29 18:00:00+00:00,355.0
2021-11-29 19:00:00+00:00,310.2
2021-11-29 20:00:00+00:00,270.0
2021-11-29 21:00:00+00:00,228.1
2021-11-29 22:00:00+00:00,224.5
2021-12-28 23:00:00+00:00,189.4
2021-12-29 00:00:00+00:00,160.2
2021-12-29 01:00:00+00:00,153.4
2021-12-29 02:00:00+00:00,149.8
2021-12-29 03:00:00+00:00,156.1
2021-12-29 04:00:00+00:00,160.2
2021-12-29 05:00:00+00:00,206.9
2021-12-29 06:00:00+00:00,228.5
2021-12-29 07:00:00+00:00,262.5
2021-12-29 08:00:00+00:00,270.5
2021-12-29 09:00:00+00:00,228.5
2021-12-29 10:00:00+00:00,225.8
2021-12-29 11:00:00+00:00,215.0
2021-12-29 12:00:00+00:00,218.8
2021-12-29 13:00:00+00:00,223.4
2021-12-29 14:00:00+00:00,225.8
2021-12-29 15:00:00+00:00,262.5
2021-12-29 16:00:00+00:00,270.5
2021-12-29 17:00:00+00:00,274.0
2021-12-29 18:00:00+00:00,271.2
2021-12-29 19:00:00+00:00,257.5
2021-12-29 20:00:00+00:00,226.4
2021-12-29 21:00:00+00:00,219.8
2021-12-29 22:00:00+00:00,196.2
2022-01-27 23:00:00+00:00,232.1
2022-01-28 00:00:00+00:00,220.0
2022-01-28 01:00:00+00:00,217.0
2022-01-28 02:00:00+00:00,217.2
2022-01-28 03:00:00+00:00,214.8
2022-01-28 04:00:00+00:00,220.8
2022-01-28 05:00:00+00:00,253.9
2022-01-28 06:00:00+00:00,305.5
2022-01-28 07:00:00+00:00,327.8
2022-01-28 08:00:00+00:00,310.0
2022-01-28 09:00:00+00:00,293.0
2022-01-28 10:00:00+00:00,270.0
2022-01-28 11:00:00+00:00,256.8
2022-01-28 12:00:00+00:00,246.0
2022-01-28 13:00:00+00:00,242.9
2022-01-28 14:00:00+00:00,272.8
2022-01-28 15:00:00+00:00,290.0
2022-01-28 16:00:00+00:00,295.2
2022-01-28 17:00:00+00:00,330.0
2022-01-28 18:00:00+00:00,300.8
2022-01-28 19:00:00+00:00,250.0
2022-01-28 20:00:00+00:00,242.8
2022-01-28 21:00:00+00:00,232.1
2022-01-28 22:00:00+00:00,218.0
2022-02-26 23:00:00+00:00,200.4
2022-02-27 00:00:00+00:00,186.0
2022-02-27 01:00:00+00:00,178.2
2022-02-27 02:00:00+00:00,178.2
2022-02-27 03:00:00+00:00,174.5
2022-02-27 04:00:00+00:00,177.1
2022-02-27 05:00:00+00:00,186.0
2022-02-27 06:00:00+00:00,191.5
2022-02-27 07:00:00+00:00,191.5
2022-02-27 08:00:00+00:00,196.6
2022-02-27 09:00:00+00:00,186.0
2022-02-27 10:00:00+00:00,182.1
2022-02-27 11:00:00+00:00,186.0
2022-02-27 12:00:00+00:00,153.8
2022-02-27 13:00:00+00:00,167.4
2022-02-27 14:00:00+00:00,177.0
2022-02-27 15:00:00+00:00,192.2
2022-02-27 16:00:00+00:00,229.9
2022-02-27 17:00:00+00:00,275.8
2022-02-27 18:00:00+00:00,279.8
2022-02-27 19:00:00+00:00,268.5
2022-02-27 20:00:00+00:00,252.1
2022-02-27 21:00:00+00:00,240.0
2022-02-27 22:00:00+00:00,210.1
2022-03-28 23:00:00+00:00,219.4
2022-03-29 00:00:00+00:00,212.9
2022-03-29 01:00:00+00:00,210.0
2022-03-29 02:00:00+00:00,214.6
2022-03-29 03:00:00+00:00,225.2
2022-03-29 04:00:00+00:00,259.0
2022-03-29 05:00:00+00:00,296.2
2022-03-29 06:00:00+00:00,319.0
2022-03-29 07:00:00+00:00,300.0
2022-03-29 08:00:00+00:00,298.0
2022-03-29 09:00:00+00:00,276.0
2022-03-29 10:00:00+00:00,245.0
2022-03-29 11:00:00+00:00,237.0
2022-03-29 12:00:00+00:00,235.0
2022-03-29 13:00:00+00:00,237.0
2022-03-29 14:00:00+00:00,236.0
2022-03-29 15:00:00+00:00,246.5
2022-03-29 16:00:00+00:00,279.0
2022-03-29 17:00:00+00:00,302.5
2022-03-29 18:00:00+00:00,298.2
2022-03-29 19:00:00+00:00,260.8
2022-03-29 20:00:00+00:00,243.9
2022-03-29 21:00:00+00:00,232.0
2022-03-29 22:00:00+00:00,265.2
2022-04-27 23:00:00+00:00,228.1
2022-04-28 00:00:00+00:00,221.2
2022-04-28 01:00:00+00:00,216.0
2022-04-28 02:00:00+00:00,215.9
2022-04-28 03:00:00+00:00,221.2
2022-04-28 04:00:00+00:00,260.8
2022-04-28 05:00:00+00:00,283.2
2022-04-28 06:00:00+00:00,279.2
2022-04-28 07:00:00+00:00,264.8
2022-04-28 08:00:00+00:00,247.5
2022-04-28 09:00:00+00:00,241.6
2022-04-28 10:00:00+00:00,208.0
2022-04-28 11:00:00+00:00,200.1
2022-04-28 12:00:00+00:00,209.2
2022-04-28 13:00:00+00:00,220.0
2022-04-28 14:00:00+00:00,230.0
2022-04-28 15:00:00+00:00,250.0
2022-04-28 16:00:00+00:00,259.5
2022-04-28 17:00:00+00:00,279.0
2022-04-28 18:00:00+00:00,285.0
2022-04-28 19:00:00+00:00,269.0
2022-04-28 20:00:00+00:00,257.5
2022-04-28 21:00:00+00:00,246.6
2022-04-28 22:00:00+00:00,231.2
2022-05-27 23:00:00+00:00,207.0
2022-05-28 00:00:00+00:00,223.0
2022-05-28 01:00:00+00:00,218.8
2022-05-28 02:00:00+00:00,210.8
2022-05-28 03:00:00+00:00,200.0
2022-05-28 04:00:00+00:00,200.8
2022-05-28 05:00:00+00:00,204.4
2022-05-28 06:00:00+00:00,201.0
2022-05-28 07:00:00+00:00,195.9
2022-05-28 08:00:00+00:00,194.1
2022-05-28 09:00:00+00:00,193.0
2022-05-28 10:00:00+00:00,180.8
2022-05-28 11:00:00+00:00,162.6
2022-05-28 12:00:00+00:00,162.2
2022-05-28 13:00:00+00:00,172.9
2022-05-28 14:00:00+00:00,185.4
2022-05-28 15:00:00+00:00,194.4
2022-05-28 16:00:00+00:00,209.2
2022-05-28 17:00:00+00:00,225.0
2022-05-28 18:00:00+00:00,238.5
2022-05-28 19:00:00+00:00,234.0
2022-05-28 20:00:00+00:00,218.8
2022-05-28 21:00:00+00:00,210.0
2022-05-28 22:00:00+00:00,201.4
2022-06-26 23:00:00+00:00,293.5
2022-06-27 00:00:00+00:00,285.5
2022-06-27 01:00:00+00:00,283.8
2022-06-27 02:00:00+00:00,284.0
2022-06-27 03:00:00+00:00,277.5
2022-06-27 04:00:00+00:00,331.0
2022-06-27 05:00:00+00:00,358.0
2022-06-27 06:00:00+00:00,371.0
2022-06-27 07:00:00+00:00,348.5
2022-06-27 08:00:00+00:00,332.5
2022-06-27 09:00:00+00:00,334.0
2022-06-27 10:00:00+00:00,343.8
2022-06-27 11:00:00+00:00,344.5
2022-06-27 12:00:00+00:00,355.0
2022-06-27 13:00:00+00:00,350.0
2022-06-27 14:00:00+00:00,376.0
2022-06-27 15:00:00+00:00,394.0
2022-06-27 16:00:00+00:00,410.0
2022-06-27 17:00:00+00:00,446.0
2022-06-27 18:00:00+00:00,424.8
2022-06-27 19:00:00+00:00,375.8
2022-06-27 20:00:00+00:00,372.2
2022-06-27 21:00:00+00:00,354.8
2022-06-27 22:00:00+00:00,335.0
2022-07-26 23:00:00+00:00,411.0
2022-07-27 00:00:00+00:00,403.8
2022-07-27 01:00:00+00:00,381.0
2022-07-27 02:00:00+00:00,378.2
2022-07-27 03:00:00+00:00,405.5
2022-07-27 04:00:00+00:00,460.0
2022-07-27 05:00:00+00:00,503.5
2022-07-27 06:00:00+00:00,633.5
2022-07-27 07:00:00+00:00,613.5
2022-07-27 08:00:00+00:00,600.0
2022-07-27 09:00:00+00:00,643.0
2022-07-27 10:00:00+00:00,528.5
2022-07-27 11:00:00+00:00,500.0
2022-07-27 12:00:00+00:00,538.5
2022-07-27 13:00:00+00:00,520.0
2022-07-27 14:00:00+00:00,575.0
2022-07-27 15:00:00+00:00,600.0
2022-07-27 16:00:00+00:00,650.0
2022-07-27 17:00:00+00:00,650.0
2022-07-27 18:00:00+00:00,650.0
2022-07-27 19:00:00+00:00,645.0
2022-07-27 20:00:00+00:00,599.5
2022-07-27 21:00:00+00:00,500.5
2022-07-27 22:00:00+00:00,503.0
2022-08-25 23:00:00+00:00,655.0
2022-08-26 00:00:00+00:00,647.5
2022-08-26 01:00:00+00:00,634.0
2022-08-26 02:00:00+00:00,631.5
2022-08-26 03:00:00+00:00,650.0
2022-08-26 04:00:00+00:00,750.0
2022-08-26 05:00:00+00:00,769.0
2022-08-26 06:00:00+00:00,803.0
2022-08-26 07:00:00+00:00,781.5
2022-08-26 08:00:00+00:00,763.0
2022-08-26 09:00:00+00:00,750.0
2022-08-26 10:00:00+00:00,721.5
2022-08-26 11:00:00+00:00,715.0
2022-08-26 12:00:00+00:00,701.0
2022-08-26 13:00:00+00:00,706.0
2022-08-26 14:00:00+00:00,716.0
2022-08-26 15:00:00+00:00,750.5
2022-08-26 16:00:00+00:00,770.0
2022-08-26 17:00:00+00:00,780.5
2022-08-26 18:00:00+00:00,778.5
2022-08-26 19:00:00+00:00,770.0
2022-08-26 20:00:00+00:00,747.5
2022-08-26 21:00:00+00:00,701.5
2022-08-26 22:00:00+00:00,748.0
2022-09-24 23:00:00+00:00,327.2
2022-09-25 00:00:00+00:00,323.2
2022-09-25 01:00:00+00:00,315.2
2022-09-25 02:00:00+00:00,323.0
2022-09-25 03:00:00+00:00,323.0
2022-09-25 04:00:00+00:00,327.0
2022-09-25 05:00:00+00:00,329.5
2022-09-25 06:00:00+00:00,336.8
2022-09-25 07:00:00+00:00,336.2
2022-09-25 08:00:00+00:00,330.0
2022-09-25 09:00:00+00:00,323.0
2022-09-25 10:00:00+00:00,278.5
2022-09-25 11:00:00+00:00,239.5
2022-09-25 12:00:00+00:00,211.4
2022-09-25 13:00:00+00:00,221.0
2022-09-25 14:00:00+00:00,315.2
2022-09-25 15:00:00+00:00,345.8
2022-09-25 16:00:00+00:00,380.0
2022-09-25 17:00:00+00:00,415.0
2022-09-25 18:00:00+00:00,396.2
2022-09-25 19:00:00+00:00,380.5
2022-09-25 20:00:00+00:00,353.2
2022-09-25 21:00:00+00:00,321.0
2022-09-25 22:00:00+00:00,248.8
2022-10-24 23:00:00+00:00,100.0
2022-10-25 00:00:00+00:00,94.2
2022-10-25 01:00:00+00:00,94.4
2022-10-25 02:00:00+00:00,100.0
2022-10-25 03:00:00+00:00,111.6
2022-10-25 04:00:00+00:00,116.94
2022-10-25 05:00:00+00:00,150.0
2022-10-25 06:00:00+00:00,199.9
2022-10-25 07:00:00+00:00,169.6
2022-10-25 08:00:00+00:00,122.6
2022-10-25 09:00:00+00:00,117.9
2022-10-25 10:00:00+00:00,113.1
2022-10-25 11:00:00+00:00,110.56
2022-10-25 12:00:00+00:00,113.25
2022-10-25 13:00:00+00:00,115.56
2022-10-25 14:00:00+00:00,123.1
2022-10-25 15:00:00+00:00,153.0
2022-10-25 16:00:00+00:00,205.0
2022-10-25 17:00:00+00:00,215.0
2022-10-25 18:00:00+00:00,164.5
2022-10-25 19:00:00+00:00,127.7
2022-10-25 20:00:00+00:00,117.44
2022-10-25 21:00:00+00:00,112.3
2022-10-25 22:00:00+00:00,104.1
2022-11-23 23:00:00+00:00,262.5
2022-11-24 00:00:00+00:00,251.9
2022-11-24 01:00:00+00:00,250.9
2022-11-24 02:00:00+00:00,250.9
2022-11-24 03:00:00+00:00,253.0
2022-11-24 04:00:00+00:00,261.8
2022-11-24 05:00:00+00:00,314.0
2022-11-24 06:00:00+00:00,322.5
2022-11-24 07:00:00+00:00,370.0
2022-11-24 08:00:00+00:00,360.0
2022-11-24 09:00:00+00:00,322.5
2022-11-24 10:00:00+00:00,299.0
2022-11-24 11:00:00+00:00,279.5
2022-11-24 12:00:00+00:00,284.5
2022-11-24 13:00:00+00:00,298.5
2022-11-24 14:00:00+00:00,320.0
2022-11-24 15:00:00+00:00,367.0
2022-11-24 16:00:00+00:00,365.0
2022-11-24 17:00:00+00:00,370.0
2022-11-24 18:00:00+00:00,370.0
2022-11-24 19:00:00+00:00,329.2
2022-11-24 20:00:00+00:00,307.2
2022-11-24 21:00:00+00:00,296.8
2022-11-24 22:00:00+00:00,277.8
2022-12-23 23:00:00+00:00,96.0
2022-12-24 00:00:00+00:00,50.4
2022-12-24 01:00:00+00:00,50.0
2022-12-24 02:00:00+00:00,32.53
2022-12-24 03:00:00+00:00,36.0
2022-12-24 04:00:00+00:00,48.47
2022-12-24 05:00:00+00:00,57.53
2022-12-24 06:00:00+00:00,145.8
2022-12-24 07:00:00+00:00,180.0
2022-12-24 08:00:00+00:00,192.0
2022-12-24 09:00:00+00:00,154.5
2022-12-24 10:00:00+00:00,147.4
2022-12-24 11:00:00+00:00,142.1
2022-12-24 12:00:00+00:00,143.6
2022-12-24 13:00:00+00:00,151.0
2022-12-24 14:00:00+00:00,172.0
2022-12-24 15:00:00+00:00,200.5
2022-12-24 16:00:00+00:00,222.0
2022-12-24 17:00:00+00:00,222.0
2022-12-24 18:00:00+00:00,223.4
2022-12-24 19:00:00+00:00,215.0
2022-12-24 20:00:00+00:00,194.6
2022-12-24 21:00:00+00:00,172.8
2022-12-24 22:00:00+00:00,160.0
2023-01-22 23:00:00+00:00,164.8
2023-01-23 00:00:00+00:00,164.8
2023-01-23 01:00:00+00:00,166.2
2023-01-23 02:00:00+00:00,154.5
2023-01-23 03:00:00+00:00,151.9
2023-01-23 04:00:00+00:00,165.9
2023-01-23 05:00:00+00:00,189.9
2023-01-23 06:00:00+00:00,226.0
2023-01-23 07:00:00+00:00,257.8
2023-01-23 08:00:00+00:00,270.0
2023-01-23 09:00:00+00:00,249.6
2023-01-23 10:00:00+00:00,230.0
2023-01-23 11:00:00+00:00,220.8
2023-01-23 12:00:00+00:00,219.0
2023-01-23 13:00:00+00:00,219.5
2023-01-23 14:00:00+00:00,219.0
2023-01-23 15:00:00+00:00,224.6
2023-01-23 16:00:00+00:00,248.9
2023-01-23 17:00:00+00:00,248.1
2023-01-23 18:00:00+00:00,223.2
2023-01-23 19:00:00+00:00,205.0
2023-01-23 20:00:00+00:00,192.5
2023-01-23 21:00:00+00:00,190.4
2023-01-23 22:00:00+00:00,180.4
2023-02-21 23:00:00+00:00,140.9
2023-02-22 00:00:00+00:00,133.5
2023-02-22 01:00:00+00:00,126.5
2023-02-22 02:00:00+00:00,128.4
2023-02-22 03:00:00+00:00,130.9
2023-02-22 04:00:00+00:00,140.2
2023-02-22 05:00:00+00:00,158.0
2023-02-22 06:00:00+00:00,192.2
2023-02-22 07:00:00+00:00,230.0
2023-02-22 08:00:00+00:00,189.6
2023-02-22 09:00:00+00:00,158.4
2023-02-22 10:00:00+00:00,154.9
2023-02-22 11:00:00+00:00,148.0
2023-02-22 12:00:00+00:00,144.5
2023-02-22 13:00:00+00:00,147.2
2023-02-22 14:00:00+00:00,154.9
2023-02-22 15:00:00+00:00,159.4
2023-02-22 16:00:00+00:00,171.0
2023-02-22 17:00:00+00:00,215.0
2023-02-22 18:00:00+00:00,230.0
2023-02-22 19:00:00+00:00,175.5
2023-02-22 20:00:00+00:00,170.0
2023-02-22 21:00:00+00:00,154.9
2023-02-22 22:00:00+00:00,150.1
2023-03-23 23:00:00+00:00,128.1
2023-03-24 00:00:00+00:00,123.6
2023-03-24 01:00:00+00:00,119.4
2023-03-24 02:00:00+00:00,115.0
2023-03-24 03:00:00+00:00,119.4
2023-03-24 04:00:00+00:00,130.5
2023-03-24 05:00:00+00:00,135.9
2023-03-24 06:00:00+00:00,140.0
2023-03-24 07:00:00+00:00,138.6
2023-03-24 08:00:00+00:00,131.9
2023-03-24 09:00:00+00:00,124.25
2023-03-24 10:00:00+00:00,117.9
2023-03-24 11:00:00+00:00,95.0
2023-03-24 12:00:00+00:00,100.0
2023-03-24 13:00:00+00:00,116.5
2023-03-24 14:00:00+00:00,125.56
2023-03-24 15:00:00+00:00,135.4
2023-03-24 16:00:00+00:00,147.5
2023-03-24 17:00:00+00:00,162.2
2023-03-24 18:00:00+00:00,190.0
2023-03-24 19:00:00+00:00,166.0
2023-03-24 20:00:00+00:00,138.6
2023-03-24 21:00:00+00:00,135.0
2023-03-24 22:00:00+00:00,126.6
2023-04-22 23:00:00+00:00,130.2
2023-04-23 00:00:00+00:00,128.1
2023-04-23 01:00:00+00:00,128.1
2023-04-23 02:00:00+00:00,124.0
2023-04-23 03:00:00+00:00,124.0
2023-04-23 04:00:00+00:00,125.2
2023-04-23 05:00:00+00:00,120.6
2023-04-23 06:00:00+00:00,119.0
2023-04-23 07:00:00+00:00,101.25
2023-04-23 08:00:00+00:00,102.5
2023-04-23 09:00:00+00:00,98.7
2023-04-23 10:00:00+00:00,99.0
2023-04-23 11:00:00+00:00,64.8
2023-04-23 12:00:00+00:00,61.0
2023-04-23 13:00:00+00:00,81.0
2023-04-23 14:00:00+00:00,105.0
2023-04-23 15:00:00+00:00,110.0
2023-04-23 16:00:00+00:00,130.0
2023-04-23 17:00:00+00:00,181.0
2023-04-23 18:00:00+00:00,190.4
2023-04-23 19:00:00+00:00,184.4
2023-04-23 20:00:00+00:00,140.8
2023-04-23 21:00:00+00:00,126.9
2023-04-23 22:00:00+00:00,120.0
2023-05-22 23:00:00+00:00,92.6
2023-05-23 00:00:00+00:00,90.0
2023-05-23 01:00:00+00:00,86.5
2023-05-23 02:00:00+00:00,88.0
2023-05-23 03:00:00+00:00,90.94
2023-05-23 04:00:00+00:00,107.25
2023-05-23 05:00:00+00:00,122.3
2023-05-23 06:00:00+00:00,122.44
2023-05-23 07:00:00+00:00,110.1
2023-05-23 08:00:00+00:00,103.2
2023-05-23 09:00:00+00:00,100.56
2023-05-23 10:00:00+00:00,84.06
2023-05-23 11:00:00+00:00,88.0
2023-05-23 12:00:00+00:00,101.6
2023-05-23 13:00:00+00:00,103.2
2023-05-23 14:00:00+00:00,108.1
2023-05-23 15:00:00+00:00,111.5
2023-05-23 16:00:00+00:00,133.4
2023-05-23 17:00:00+00:00,150.4
2023-05-23 18:00:00+00:00,160.0
2023-05-23 19:00:00+00:00,127.75
2023-05-23 20:00:00+00:00,111.56
2023-05-23 21:00:00+00:00,108.1
2023-05-23 22:00:00+00:00,104.94
2023-06-21 23:00:00+00:00,123.06
2023-06-22 00:00:00+00:00,119.7
2023-06-22 01:00:00+00:00,113.7
2023-06-22 02:00:00+00:00,107.0
2023-06-22 03:00:00+00:00,112.6
2023-06-22 04:00:00+00:00,125.5
2023-06-22 05:00:00+00:00,143.4
2023-06-22 06:00:00+00:00,149.2
2023-06-22 07:00:00+00:00,130.1
2023-06-22 08:00:00+00:00,124.3
2023-06-22 09:00:00+00:00,123.06
2023-06-22 10:00:00+00:00,115.0
2023-06-22 11:00:00+00:00,116.5
2023-06-22 12:00:00+00:00,122.06
2023-06-22 13:00:00+00:00,124.0
2023-06-22 14:00:00+00:00,131.0
2023-06-22 15:00:00+00:00,129.0
2023-06-22 16:00:00+00:00,137.2
2023-06-22 17:00:00+00:00,157.4
2023-06-22 18:00:00+00:00,159.8
2023-06-22 19:00:00+00:00,147.1
2023-06-22 20:00:00+00:00,134.4
2023-06-22 21:00:00+00:00,122.75
2023-06-22 22:00:00+00:00,122.0
2023-07-21 23:00:00+00:00,107.75
2023-07-22 00:00:00+00:00,103.75
2023-07-22 01:00:00+00:00,102.06
2023-07-22 02:00:00+00:00,101.9
2023-07-22 03:00:00+00:00,99.4
2023-07-22 04:00:00+00:00,102.3
2023-07-22 05:00:00+00:00,102.06
2023-07-22 06:00:00+00:00,102.9
2023-07-22 07:00:00+00:00,104.9
2023-07-22 08:00:00+00:00,99.06
2023-07-22 09:00:00+00:00,95.4
2023-07-22 10:00:00+00:00,93.3
2023-07-22 11:00:00+00:00,93.7
2023-07-22 12:00:00+00:00,91.94
2023-07-22 13:00:00+00:00,91.9
2023-07-22 14:00:00+00:00,95.75
2023-07-22 15:00:00+00:00,103.7
2023-07-22 16:00:00+00:00,110.0
2023-07-22 17:00:00+00:00,115.0
2023-07-22 18:00:00+00:00,120.4
2023-07-22 19:00:00+00:00,125.2
2023-07-22 20:00:00+00:00,115.0
2023-07-22 21:00:00+00:00,110.0
2023-07-22 22:00:00+00:00,106.56
2023-08-20 23:00:00+00:00,102.1
2023-08-21 00:00:00+00:00,99.6
2023-08-21 01:00:00+00:00,97.0
2023-08-21 02:00:00+00:00,97.44
2023-08-21 03:00:00+00:00,103.4
2023-08-21 04:00:00+00:00,109.25
2023-08-21 05:00:00+00:00,127.06
2023-08-21 06:00:00+00:00,133.2
2023-08-21 07:00:00+00:00,115.0
2023-08-21 08:00:00+00:00,104.0
2023-08-21 09:00:00+00:00,101.5
2023-08-21 10:00:00+00:00,101.1
2023-08-21 11:00:00+00:00,101.1
2023-08-21 12:00:00+00:00,105.0
2023-08-21 13:00:00+00:00,105.1
2023-08-21 14:00:00+00:00,109.0
2023-08-21 15:00:00+00:00,120.0
2023-08-21 16:00:00+00:00,144.0
2023-08-21 17:00:00+00:00,180.0
2023-08-21 18:00:00+00:00,187.8
2023-08-21 19:00:00+00:00,166.1
2023-08-21 20:00:00+00:00,136.0
2023-08-21 21:00:00+00:00,115.0
2023-08-21 22:00:00+00:00,119.2
2023-09-19 23:00:00+00:00,111.25
2023-09-20 00:00:00+00:00,110.5
2023-09-20 01:00:00+00:00,110.7
2023-09-20 02:00:00+00:00,110.0
2023-09-20 03:00:00+00:00,113.06
2023-09-20 04:00:00+00:00,125.0
2023-09-20 05:00:00+00:00,125.0
2023-09-20 06:00:00+00:00,147.8
2023-09-20 07:00:00+00:00,150.0
2023-09-20 08:00:00+00:00,135.0
2023-09-20 09:00:00+00:00,122.44
2023-09-20 10:00:00+00:00,113.44
2023-09-20 11:00:00+00:00,113.0
2023-09-20 12:00:00+00:00,115.0
2023-09-20 13:00:00+00:00,118.6
2023-09-20 14:00:00+00:00,130.0
2023-09-20 15:00:00+00:00,140.2
2023-09-20 16:00:00+00:00,150.0
2023-09-20 17:00:00+00:00,192.4
2023-09-20 18:00:00+00:00,151.6
2023-09-20 19:00:00+00:00,126.0
2023-09-20 20:00:00+00:00,112.6
2023-09-20 21:00:00+00:00,109.75
2023-09-20 22:00:00+00:00,110.2
2023-10-19 23:00:00+00:00,126.0
2023-10-20 00:00:00+00:00,122.25
2023-10-20 01:00:00+00:00,120.0
2023-10-20 02:00:00+00:00,121.25
2023-10-20 03:00:00+00:00,128.4
2023-10-20 04:00:00+00:00,135.9
2023-10-20 05:00:00+00:00,150.0
2023-10-20 06:00:00+00:00,171.1
2023-10-20 07:00:00+00:00,166.2
2023-10-20 08:00:00+00:00,167.6
2023-10-20 09:00:00+00:00,156.1
2023-10-20 10:00:00+00:00,135.9
2023-10-20 11:00:00+00:00,135.1
2023-10-20 12:00:00+00:00,135.9
2023-10-20 13:00:00+00:00,139.1
2023-10-20 14:00:00+00:00,138.5
2023-10-20 15:00:00+00:00,135.4
2023-10-20 16:00:00+00:00,149.9
2023-10-20 17:00:00+00:00,165.0
2023-10-20 18:00:00+00:00,140.0
2023-10-20 19:00:00+00:00,133.0
2023-10-20 20:00:00+00:00,127.6
2023-10-20 21:00:00+00:00,129.5
2023-10-20 22:00:00+00:00,132.0
2023-11-18 23:00:00+00:00,125.0
2023-11-19 00:00:00+00:00,125.7
2023-11-19 01:00:00+00:00,123.1
2023-11-19 02:00:00+00:00,124.5
2023-11-19 03:00:00+00:00,124.5
2023-11-19 04:00:00+00:00,124.5
2023-11-19 05:00:00+00:00,125.0
2023-11-19 06:00:00+00:00,125.0
2023-11-19 07:00:00+00:00,124.3
2023-11-19 08:00:00+00:00,120.75
2023-11-19 09:00:00+00:00,112.5
2023-11-19 10:00:00+00:00,122.56
2023-11-19 11:00:00+00:00,113.0
2023-11-19 12:00:00+00:00,113.0
2023-11-19 13:00:00+00:00,109.7
2023-11-19 14:00:00+00:00,121.75
2023-11-19 15:00:00+00:00,115.56
2023-11-19 16:00:00+00:00,127.4
2023-11-19 17:00:00+00:00,128.1
2023-11-19 18:00:00+00:00,128.1
2023-11-19 19:00:00+00:00,124.25
2023-11-19 20:00:00+00:00,125.0
2023-11-19 21:00:00+00:00,123.4
2023-11-19 22:00:00+00:00,123.2
2023-12-18 23:00:00+00:00,91.56
2023-12-19 00:00:00+00:00,88.9
2023-12-19 01:00:00+00:00,86.5
2023-12-19 02:00:00+00:00,87.0
2023-12-19 03:00:00+00:00,88.0
2023-12-19 04:00:00+00:00,92.9
2023-12-19 05:00:00+00:00,107.56
2023-12-19 06:00:00+00:00,112.25
2023-12-19 07:00:00+00:00,122.0
2023-12-19 08:00:00+00:00,114.7
2023-12-19 09:00:00+00:00,105.8
2023-12-19 10:00:00+00:00,99.56
2023-12-19 11:00:00+00:00,92.25
2023-12-19 12:00:00+00:00,94.1
2023-12-19 13:00:00+00:00,106.2
2023-12-19 14:00:00+00:00,116.7
2023-12-19 15:00:00+00:00,141.2
2023-12-19 16:00:00+00:00,135.4
2023-12-19 17:00:00+00:00,126.1
2023-12-19 18:00:00+00:00,121.8
2023-12-19 19:00:00+00:00,108.4
2023-12-19 20:00:00+00:00,109.0
2023-12-19 21:00:00+00:00,106.94
2023-12-19 22:00:00+00:00,101.44
